feedback_id,from_user_id,to_user_id,rating,comment
1,659,927,5,Reveal decision take behind talk.
2,308,792,5,Change rock baby reveal.
3,180,426,4,Fish later certain beat watch car.
4,826,720,4,Until seven his.
5,452,567,3,Forget mean appear lot apply.
6,442,963,1,Month cultural our central.
7,775,224,5,As thought machine similar race.
8,675,697,2,Animal quality finally.
9,854,246,1,Window network heavy.
10,799,179,4,Agree key face loss impact.
11,799,374,4,North meet animal exactly plant.
12,627,342,1,Off our to.
13,287,184,4,Next fish ability race.
14,597,670,4,Let of culture natural.
15,296,454,5,Responsibility worker shake seek.
16,817,140,5,Policy build may such building try.
17,810,198,4,Bed this fire life my seven man.
18,369,693,5,Site prevent news seven yeah ok performance.
19,367,936,1,Sound rise control.
20,421,571,3,Involve yourself ready.
21,473,872,2,Enjoy note else line.
22,614,414,2,Kind door direction activity continue parent film.
23,296,402,3,Bar personal manage work.
24,946,528,4,Focus usually never.
25,605,363,5,History pay positive they environmental light.
26,672,489,1,Film report police.
27,574,664,1,Together beautiful visit serious line wrong put.
28,135,958,3,Go two doctor back.
29,444,599,3,Run view election others organization have section.
30,649,433,5,Realize whose under bar magazine ability nor.
31,493,510,3,Hot that avoid work quite site officer.
32,226,295,1,Because down medical itself mouth spend.
33,629,250,4,Baby where hear look grow.
34,947,299,3,Top very beautiful far its tree trouble.
35,746,592,4,Rate third already kitchen reach brother without.
36,855,774,4,Kind local office strategy bank leader.
37,990,809,1,Since describe exactly order boy theory six.
38,251,990,4,Artist state right development sure lawyer.
39,973,171,2,Audience option door increase area miss draw.
40,256,130,4,Collection or team huge red hit contain require.
41,294,177,1,Relationship trial never mention early off.
42,736,800,4,Former resource risk everyone.
43,5,608,5,Yourself already word economy.
44,398,562,2,Notice success way enter son activity.
45,436,248,2,Over list see itself nation enough scientist.
46,664,352,3,Study have amount smile bank.
47,328,871,3,Risk team respond consider matter.
48,141,294,2,Music director relate site firm successful various.
49,784,796,1,Fly sit make friend painting.
50,367,78,2,Consider behavior training wind.
51,294,499,5,Back pull case red move age every.
52,470,783,2,Question fight peace he century read.
53,884,76,2,Collection establish woman long bag.
54,881,591,2,Understand use PM specific as present themselves.
55,414,306,2,Word including wear rule best.
56,898,272,4,Wonder baby five option.
57,670,314,1,Many light laugh be allow.
58,650,513,4,Material education single be each dream American.
59,111,57,3,Fine head military according relate plant.
60,601,451,5,Send cut better.
61,532,343,1,Pressure big even important.
62,654,337,3,Cover simple wife late get example likely put.
63,894,698,4,Say body movement speak force continue whether.
64,612,702,4,Place face past study structure process.
65,656,99,5,Option compare consumer bill bad cause call.
66,709,867,1,My idea once street hundred husband production.
67,975,657,1,All type measure sort reality.
68,225,976,1,Accept marriage which employee decide commercial.
69,302,944,5,Fact TV firm pass activity.
70,912,51,4,Treat stage huge career play nearly.
71,532,638,1,Career after share lawyer pretty child.
72,505,443,2,Town yard Democrat suddenly development.
73,301,573,4,Accept hear represent.
74,850,51,5,Member training short international administration professor station.
75,815,490,4,Why run short surface by myself.
76,488,595,4,Project television even wide continue glass nothing.
77,594,905,3,Book nothing production first clearly.
78,953,69,3,Nor hour people that value economic.
79,387,610,2,So follow never.
80,437,245,3,Anything soldier meeting field ability opportunity better land.
81,133,4,5,Cost she position attention.
82,574,319,5,Report cell decide season office attorney former.
83,643,366,3,Full science commercial particular treat cut.
84,661,594,3,Several detail per where move determine simply happy.
85,966,287,3,Tend agency cost worry deep water national.
86,502,795,2,Discover watch official future fine write choice.
87,110,79,3,Chance of result conference people spring.
88,446,509,1,Together general tree position turn.
89,736,803,1,Understand rich law account commercial father third.
90,819,805,2,Though investment large above respond.
91,71,504,5,Science cup PM peace point state.
92,326,832,3,Cultural sign success who movement.
93,420,274,3,Town manager look real.
94,565,315,3,Service understand buy night move.
95,88,253,1,Stay fear another on toward.
96,155,52,2,Need window ago hour reflect.
97,893,271,4,Region room high class you stop.
98,654,374,4,Institution according keep dinner little.
99,213,232,2,Nice industry against key about.
100,167,125,3,Heart clearly recent member.
101,649,173,4,Structure would night message current yeah.
102,588,869,1,Ok professional past change within unit across.
103,271,345,1,Mouth point morning than day skin.
104,783,861,1,Part close ground figure stuff among computer.
105,486,362,2,Either seem as list.
106,209,949,3,Source idea heart event south bed.
107,436,872,2,Step owner market car contain.
108,830,176,4,Stop through staff care himself attack choice again.
109,267,366,1,Worker total night painting.
110,396,597,2,Any page tree how.
111,119,117,2,Not full relationship.
112,362,245,4,Show source issue effort already yeah.
113,976,272,2,Page safe wind.
114,303,397,2,Risk campaign conference six majority.
115,252,525,4,Event choose myself possible sell style table summer.
116,79,101,4,Particular get nice.
117,268,501,2,Your away maintain impact.
118,620,414,4,Argue chance thing say it develop hard.
119,788,387,5,Away answer south process.
120,369,596,2,Budget always and treatment thousand effect.
121,755,422,1,Certainly garden financial enter.
122,576,365,2,Dog short picture across.
123,636,34,1,Language quite leg father task.
124,447,325,2,Thousand sound beat boy picture.
125,331,269,3,Message notice bill win.
126,661,477,5,Effect piece surface finish follow.
127,149,441,3,Important as none building newspaper bar very hospital.
128,964,773,3,Arm seem opportunity tend.
129,899,77,1,Develop three senior.
130,414,668,5,Somebody instead form pay.
131,657,910,5,Prevent national after few stay laugh.
132,277,979,2,Early at rich allow.
133,316,324,1,War age hand listen follow also beat.
134,530,450,2,Enough nation card form exactly.
135,285,311,3,Employee who positive will bring.
136,453,734,3,Difference simple home mission visit.
137,716,221,3,Child natural southern her center wait.
138,580,968,1,List action soldier low hard degree.
139,185,844,3,Common career car class third forget knowledge.
140,67,914,5,Tell board American model.
141,610,33,1,Each particular author consider dinner after perhaps.
142,252,726,1,Party before choice bank.
143,70,473,5,Church policy nor be usually name.
144,366,952,3,Outside personal name.
145,348,772,2,Whatever industry provide.
146,699,887,4,Understand his less gun around.
147,735,509,4,Blue what not race.
148,540,570,5,Side husband stand finish news culture reflect.
149,162,436,2,If different chance continue lawyer.
150,799,706,5,However raise PM not seem.
151,930,847,4,Tax seat opportunity can training.
152,92,938,2,Field later clearly yourself sense ready teacher.
153,700,771,2,Focus tough hospital leader side week.
154,568,663,1,Financial lay find beyond same writer energy notice.
155,119,897,4,Yard ahead already meeting laugh participant.
156,736,271,4,Place clearly different he.
157,358,130,1,Operation month various star Congress.
158,743,12,2,Development get eat candidate.
159,742,815,2,Billion sea central else technology.
160,517,474,5,Property serious meeting article person computer pull.
161,252,210,2,Dark know relationship.
162,392,285,3,Whom control development understand pressure.
163,211,998,1,Space trade effort ask mother could.
164,267,376,3,My job together two.
165,105,759,3,Talk three car most bed ability bill.
166,850,467,4,Catch relate even along top late.
167,768,630,1,However they assume tonight think strategy continue.
168,992,26,5,Return race difference court.
169,964,730,2,Produce seek involve.
170,286,690,4,Scientist common country realize available which.
171,303,770,3,Treat suffer late sort.
172,195,968,1,Fund those understand authority several.
173,172,297,4,Anyone wait position sister.
174,617,791,3,Less civil with identify life sound.
175,601,857,5,According general concern notice quite.
176,740,429,1,Dinner appear concern guy behavior tough job.
177,375,639,2,Maintain team cause guy yes.
178,484,639,5,Garden kid drug young box machine.
179,594,536,1,Account thus quickly life home.
180,154,106,1,Development attorney music around.
181,204,363,4,Bag society real stock age lay three physical.
182,727,120,4,Coach yard prove break alone.
183,744,667,1,Increase everyone second worry husband not level.
184,951,307,4,Account step table.
185,11,710,2,Half war onto picture would.
186,260,952,3,Hotel foot activity.
187,305,194,1,Agreement including analysis director.
188,567,596,5,Goal low anyone method book.
189,908,498,4,Join choose foot.
190,553,408,3,Safe can seem usually join box sure.
191,398,485,4,Off sister member including real measure.
192,725,639,4,Medical they issue difficult off soon idea.
193,495,252,1,Someone administration cover Mrs computer line.
194,439,101,3,Or store rise notice interesting structure deal nor.
195,664,510,1,Than act so condition response price month piece.
196,737,334,1,Participant trip board himself good parent.
197,258,705,5,Range reveal discover a watch must of.
198,343,728,3,Ask agreement executive.
199,2,428,3,Meet eat cell summer large treat.
200,878,803,4,Fine company teacher officer those me.
201,21,603,3,Management eat his community foreign where.
202,530,300,3,Sometimes heart start cause mean message plant.
203,318,967,5,Another her something hour.
204,491,744,5,Rock customer another cost hour.
205,533,432,4,Pretty call consider north.
206,499,790,1,Common art through also small.
207,783,409,5,Republican nor quickly grow product.
208,759,951,4,Worry attention two tax.
209,819,40,1,Doctor phone responsibility approach.
210,97,803,1,Pull successful friend deal political.
211,273,813,4,Light stay line of ever mention.
212,862,431,1,Money wife sea.
213,714,887,4,Save ability would almost.
214,891,92,2,Nice step especially late for change over table.
215,412,32,3,Nearly identify per TV response outside just southern.
216,694,396,2,Sea yet necessary money someone allow finish.
217,233,728,5,Rise dog pull agent feeling certain.
218,654,110,3,Her employee capital series firm realize.
219,398,545,5,Perform between sign turn.
220,331,481,3,Single experience training program reduce.
221,288,758,5,Have happen view information benefit.
222,348,275,3,Center social under analysis money pressure program north.
223,652,339,1,Couple pattern bag arm human.
224,652,998,1,Every affect religious high protect decide experience.
225,644,560,3,Two parent identify mention.
226,808,148,2,Similar might work them trip.
227,796,21,5,Wait bring performance concern hard quickly.
228,886,384,2,Offer letter cut edge road south young two.
229,831,144,1,Listen peace road near lose be half about.
230,552,853,2,Enter move lead case thought hope.
231,582,893,2,Road music identify raise almost your every.
232,338,200,1,Cause hope network color so government leave.
233,601,670,1,Tv yet bring.
234,980,650,4,Debate sing rule those much shake.
235,444,441,4,Air concern your sport see say.
236,857,644,2,Let training see half.
237,845,456,5,Easy course evening student PM bill concern.
238,591,384,3,Possible expect break similar break society statement.
239,737,514,4,Difference act site get.
240,467,422,1,Put five effect best lose.
241,727,735,3,Thus fight work likely.
242,952,888,2,Picture middle sing they job will administration.
243,595,203,4,Write including analysis court season.
244,651,970,4,Address small little help.
245,782,628,5,Already pattern occur main standard draw issue sign.
246,898,383,1,Health past history kid church finally many lead.
247,353,999,4,Them wear memory example tell cold financial ready.
248,640,348,1,Office song beautiful brother bed life task.
249,660,826,2,Many idea nothing threat industry development record.
250,265,349,1,By leader attention beyond.
251,463,593,3,Sing lose nation each late.
252,54,554,2,Speak mention employee resource.
253,627,152,3,Into remain hour if operation.
254,175,623,2,Everyone whether natural defense.
255,25,261,4,Officer cut rule agreement behavior town.
256,703,261,3,Property owner response too.
257,275,242,1,Term strong discuss hot these measure fall future.
258,508,246,2,Go stage couple pattern policy.
259,778,977,3,Boy former table power question herself.
260,807,944,1,Performance into senior.
261,346,272,4,Two cultural end mind.
262,176,688,3,Out compare hair perhaps nation.
263,932,701,4,World all final ball conference design.
264,447,18,5,Gas painting environment institution eat.
265,310,356,1,Build beyond probably official everyone away.
266,975,360,1,Ahead provide tax rich show sort now.
267,675,300,2,Behavior body red agent pick.
268,228,867,2,Much drop do whole modern billion thousand.
269,700,672,5,Least church term remember with improve forward company.
270,757,528,3,Want per might standard performance somebody television study.
271,408,223,4,Since trip wear price.
272,251,694,5,Deep able throughout home say campaign.
273,562,354,5,Discover life then it road.
274,427,7,5,Who difficult white.
275,228,703,2,Part to blue must security television.
276,484,116,1,Certainly fund who wonder now dinner wrong.
277,231,476,4,Learn training my much hand.
278,138,229,1,Can front out range life.
279,178,963,2,Culture major gas reveal build.
280,964,286,4,Future now relate quality instead hot husband.
281,53,603,4,Television door bed probably investment cause.
282,255,795,1,Whom bill statement smile dinner.
283,396,647,3,Not finish none how office.
284,248,254,4,Miss top line weight pull.
285,338,945,3,During reach close possible degree cup represent.
286,477,870,3,Fact service begin region per likely not.
287,271,559,2,East human week office sign if full.
288,721,659,4,Check produce information somebody.
289,541,948,5,Pressure remember tax.
290,24,17,4,Believe health crime avoid start free enough morning.
291,816,1,3,Character machine computer popular significant push.
292,390,963,2,Old on movie require light.
293,990,324,3,Play light realize car model individual heart.
294,419,291,2,Pull prevent learn end.
295,731,300,1,Someone great language grow.
296,562,159,4,Peace wind responsibility.
297,286,288,3,Kind husband protect project response character democratic.
298,446,122,4,Medical education ever still.
299,817,295,3,Mean policy democratic.
300,10,204,1,Do particular series none simple poor.
301,332,805,1,Quite result again shake ball evening.
302,324,348,3,Always less process.
303,689,888,1,Get public institution person.
304,471,958,5,Property hair through next street woman.
305,320,30,5,Range without several site around music table.
306,973,506,3,Trouble rise decision better seven most.
307,133,691,4,Friend eye operation.
308,3,769,3,Because describe couple everybody ago American voice.
309,644,466,3,Capital buy party management smile.
310,985,294,3,Anything generation picture card.
311,120,341,3,Drive area rich card without moment.
312,745,146,1,Such cup bring fear Mrs girl range throughout.
313,466,330,4,Ok everybody visit technology.
314,766,948,4,Own hot thing compare.
315,205,418,3,Dream well leg at property especially.
316,582,386,4,Sometimes possible whether physical key chair.
317,390,747,5,Foot generation remain degree score move clear.
318,561,649,5,Production great finish interest.
319,367,134,3,Situation citizen yard seem hold available into program.
320,624,160,5,Authority drug baby alone.
321,987,614,4,Collection worry five wind.
322,986,680,2,Score inside management culture.
323,243,869,5,Bed fast six of political include.
324,602,666,2,Card try least structure cut.
325,657,952,5,Show fight trouble ago wonder away.
326,310,321,1,Rise meeting director later make.
327,75,827,1,Window light much forward.
328,840,693,2,Tell get go movie.
329,772,842,2,Role without use high natural person.
330,369,114,1,Executive get strategy technology arm simple why.
331,728,79,3,Season American owner station.
332,694,15,2,Decide suffer TV out.
333,344,937,5,Wife yes land piece black section.
334,841,541,5,Technology station the adult candidate true sometimes score.
335,77,187,5,Set throughout after pick check yet participant born.
336,854,365,2,Business sea beyond happen.
337,356,215,5,Story current themselves become president.
338,116,866,1,Teacher community forget pattern single catch bill much.
339,583,53,4,Idea foreign Democrat answer easy age hold.
340,737,525,4,Service third manager above.
341,982,593,4,Event stage administration throughout girl up might.
342,773,660,3,Grow both what practice cup out.
343,37,502,2,Stop statement sell out wife.
344,210,544,3,Actually national according health.
345,500,670,5,Standard thousand remain possible structure very half.
346,509,148,3,Republican third site.
347,334,232,1,Natural always boy hit.
348,412,86,1,Good matter just that sister wide.
349,407,472,5,Ok example control director.
350,720,567,2,Suggest read street none maintain.
351,817,21,1,Father difference result majority.
352,39,877,2,Become want coach lay allow.
353,855,760,3,Law maybe dream.
354,197,390,2,Attention peace adult eight strategy way them.
355,145,173,5,Life whatever good your.
356,839,857,4,Give by commercial worry range rise hair.
357,331,94,1,Ten war ahead.
358,13,299,4,Foreign small explain boy training development.
359,126,6,3,Good information range compare buy interest brother.
360,55,216,5,Decide first major material product in chair.
361,850,605,2,Fact majority describe return term land.
362,937,803,1,Look back value nice support research too heavy.
363,549,985,4,Simply term key.
364,885,378,2,Network month want card.
365,959,277,3,Never future government learn second.
366,544,117,4,Such series professional since security maintain.
367,140,601,1,Beat mission today food laugh team.
368,157,270,3,Program where series foot leg show record.
369,602,162,2,Drive myself collection million population.
370,923,29,2,Understand create occur thus discussion four form.
371,360,332,2,Star point your PM stop generation ahead blood.
372,668,388,4,Couple parent claim answer throughout.
373,568,240,1,Effort garden head magazine sense civil arrive.
374,672,913,4,Someone off compare listen laugh four conference.
375,84,902,5,Also sometimes north through let interesting important.
376,881,301,4,Just huge record any hold practice because.
377,124,612,2,Agent coach series Republican.
378,600,896,1,You race reach business southern.
379,441,877,4,Standard she child turn tree.
380,309,291,4,Trade although election poor soldier evidence under.
381,976,877,3,Reason value whatever open gas.
382,546,875,5,Up star station.
383,509,311,3,Such say Mr throw.
384,402,357,5,Ago executive participant build.
385,907,465,2,Record material job class address girl attack song.
386,676,651,3,Red tonight someone dog large buy issue these.
387,289,82,1,Discover where would maintain woman bank.
388,477,564,4,Term yard important behavior.
389,546,267,2,Economic ago magazine moment hard suffer be.
390,80,233,1,Financial middle away himself.
391,528,28,2,Go discover where past.
392,315,76,5,Miss woman help cultural style together attack simple.
393,11,517,5,Free more level hour bring.
394,877,761,1,Former act radio north.
395,85,813,5,Thing cause nearly central.
396,930,781,2,Modern paper bill chance Mrs likely.
397,122,197,5,Here ball might back performance article.
398,451,877,3,Same behavior purpose last magazine bed scene.
399,120,990,1,Increase ago really later dinner.
400,700,330,2,Public actually raise.
401,775,331,1,Visit fact agency what rate smile.
402,507,346,4,Drive first finish even.
403,198,457,5,Computer Democrat save specific center.
404,980,475,3,Morning director movement land herself five.
405,23,735,4,Time trial against small establish reveal.
406,188,970,3,Soldier arrive song door throughout.
407,934,450,1,Prepare season hard economic group year raise where.
408,480,462,4,More figure less attorney meeting change third.
409,153,979,4,Factor movement western community else early.
410,836,484,5,Well develop research table lose then knowledge.
411,700,252,5,Require simply follow through audience officer certainly cell.
412,19,888,4,Hold fast reflect very character financial less.
413,878,408,3,Join face memory full agency dark.
414,188,962,2,See much girl brother why attorney.
415,860,195,5,Head song step music firm.
416,106,487,5,Among each tax arrive customer market.
417,474,533,1,Cold serious lawyer source among.
418,704,811,5,Discuss thank attorney hundred.
419,107,531,2,I series firm yard.
420,746,63,1,Include option though today represent education professional head.
421,678,788,4,Wife buy eight eye.
422,212,921,2,Sit whose situation available should right.
423,558,742,5,At environmental civil imagine read control.
424,556,241,2,Issue fish yeah commercial.
425,399,395,4,Shoulder soldier garden.
426,587,634,5,Such daughter best number.
427,781,86,3,Suffer type world.
428,314,186,4,Condition respond turn single city move of look.
429,221,376,4,Son lay number sell community real.
430,187,391,3,Under owner get past learn away.
431,661,427,1,Police live item large report tax.
432,626,971,5,Dark first respond decade his.
433,761,495,3,Practice serve son school trial amount increase.
434,373,642,3,Offer child language town.
435,589,185,2,A early week usually area station sea stop.
436,701,689,1,Claim nearly report.
437,880,564,5,Cover figure team truth make similar fill.
438,753,112,4,Ask station many cost seem.
439,363,996,1,Series quality pick art.
440,931,352,3,Involve recent hundred word through.
441,762,708,3,Service Republican sometimes at yourself education.
442,138,41,1,Fast part my see case growth significant information.
443,435,578,2,Sign agent by country trip with.
444,970,680,3,Force myself ok time final.
445,474,169,4,Outside skill fund act.
446,388,195,1,Brother state wide song sense why no.
447,70,434,5,Matter after note issue never behind.
448,649,680,4,Heavy pull common easy hair rich.
449,781,808,2,Field culture stage Congress allow.
450,877,910,4,Send skin number bring industry.
451,308,804,3,Game among first.
452,607,130,3,Worker appear board occur.
453,713,444,2,Quality explain traditional close just seek cup.
454,685,2,3,National race almost well local writer indicate.
455,577,882,2,Blood million daughter.
456,717,167,5,Class conference tend customer service low item.
457,595,683,3,High unit college without three knowledge threat Mr.
458,337,858,2,Power man population card action.
459,449,958,1,State could choice baby mouth clearly must.
460,943,386,3,Claim how million could trouble affect.
461,485,500,2,Building word somebody child rate deep.
462,94,125,3,Process onto religious trade carry do central can.
463,204,111,2,Talk price such source probably.
464,140,811,3,Skin position possible four wind toward.
465,636,958,4,Special dinner star serve.
466,626,324,2,Pm produce serve quality sport charge.
467,109,479,4,North surface right computer job industry star model.
468,898,170,4,Performance bag home community I much bank.
469,319,567,1,But catch tend free.
470,103,773,5,Agreement where grow tend than wide reveal.
471,312,876,1,Give improve rate challenge tax value way.
472,919,469,5,Name effect commercial.
473,81,363,1,Upon cost any read home serve.
474,179,617,5,Soon executive brother food team say rise.
475,696,429,4,Land simply discussion tax officer do itself.
476,332,972,4,Director cultural level forward effort.
477,84,276,2,Improve miss brother lead thought.
478,849,186,4,Another marriage game car wife.
479,824,201,5,Ok relationship state away book.
480,498,249,3,Account serious effort which.
481,578,938,2,Attack guess expect leave more.
482,152,199,5,You chair wind travel through world.
483,213,966,5,Character money describe.
484,20,572,4,Building man relationship newspaper sort.
485,128,74,4,Job do about around now scene energy.
486,541,84,1,Traditional sort might staff institution level.
487,901,519,1,Republican indicate partner agreement.
488,714,299,1,Mouth drive social system production.
489,443,958,1,Reality color ready each remember room thank.
490,76,638,2,Work give hand direction management tax rule glass.
491,823,989,4,Effect national positive.
492,70,28,1,Full only customer professor turn for gun strategy.
493,318,294,3,Move rather professional oil early detail.
494,333,103,5,Family source easy real member southern some.
495,459,707,4,Eight baby race.
496,200,722,2,Imagine eat paper shake institution down another her.
497,523,495,1,Sister discover book role.
498,710,86,1,Well government tonight sometimes fund argue wish.
499,105,795,2,Right country house stop.
500,415,819,1,Discover back tell citizen toward.
