vendor_order_id,user_id,group_order_id,quantity,price_per_unit,delivery_address
1,396,496,18.39,16.0,"719 Denise Rest, New Brian, VT 58136"
2,107,472,16.19,17.8,"621 Jill Roads Apt. 698, Murphymouth, WY 26427"
3,3,101,9.12,12.37,"48365 Kenneth Corners Suite 311, New Eric, MO 79709"
4,595,10,11.91,19.56,"41944 Burns Radial Apt. 587, Port Angelabury, OR 77721"
5,400,409,10.09,12.55,"9451 Amanda Ferry, Rossshire, CA 57127"
6,176,498,14.77,18.19,"92614 Jason Summit Apt. 577, Taramouth, MA 37090"
7,841,320,8.72,10.55,"6863 Leah Camp Suite 219, Christophermouth, PA 08060"
8,741,331,17.61,18.19,"759 Jason Grove Suite 507, Andersonmouth, OK 53708"
9,77,363,16.3,10.49,"896 Taylor Course Apt. 814, Richardsonport, HI 66606"
10,94,327,16.83,14.75,"9093 Amanda Locks Apt. 958, Charlesview, AL 43415"
11,916,295,9.29,14.68,"2575 Denise Highway, Port Kelseyhaven, MS 51611"
12,487,53,15.08,17.13,"7227 Kari Run Apt. 461, Port Andreastad, TN 99137"
13,225,87,17.7,10.77,"342 Salinas Curve, South Kara, NE 87291"
14,909,478,18.5,15.35,"2469 Phillips Parks, Daleburgh, MA 83685"
15,86,286,9.87,19.06,"36249 Vaughan Stravenue Suite 083, New Megan, UT 99409"
16,348,214,16.51,17.52,"36253 Amber Flats Suite 503, Lake Aliciaberg, WI 81389"
17,204,410,19.21,16.21,"3334 Farmer Views Suite 792, Mariabury, KY 51161"
18,287,201,17.82,15.38,"PSC 4011, Box 7080, APO AP 08298"
19,974,174,5.11,14.91,"3949 Michael Plaza, New Angelatown, WY 77671"
20,804,435,5.96,10.42,"967 Kristy Causeway Suite 856, West Lori, AZ 79320"
21,19,70,10.05,12.77,"42431 Garcia Forks Suite 571, Amandachester, LA 80734"
22,590,333,6.3,19.7,"USNS Hughes, FPO AP 89241"
23,391,47,14.23,13.89,"0293 Jackson Spring Apt. 879, Port Matthew, LA 15839"
24,568,66,9.43,17.47,"79885 Alexander Estate Suite 058, South Christopherfort, TX 37682"
25,630,444,5.08,19.17,"8947 Lawrence Track, Thomasfurt, MD 97340"
26,12,393,5.86,16.13,"06511 Logan Square Apt. 395, Colemouth, ID 58540"
27,682,192,11.03,12.13,"6080 Spencer Light, Georgeberg, OH 61508"
28,559,35,13.98,18.15,"PSC 7205, Box 4917, APO AA 54524"
29,684,129,15.63,17.78,"1551 Megan Junction Apt. 013, Mannington, DC 98021"
30,35,60,10.15,11.71,"1339 Jeffrey Mountains Apt. 846, West Makayla, WY 94311"
31,325,404,18.86,15.22,"0923 Webster Mountain Suite 993, North Carolchester, RI 87767"
32,796,237,11.13,12.4,"41544 Marshall Trace Apt. 444, Patriciastad, WA 33805"
33,929,171,19.13,10.88,"298 Martinez Vista, New Christopher, HI 15757"
34,267,241,17.73,12.86,"074 Michael Bridge Apt. 985, Port Rachael, IL 82559"
35,877,171,7.87,17.77,"18597 Mark Loaf Suite 776, New Danielle, OK 69296"
36,734,463,12.05,15.97,"PSC 8464, Box 0065, APO AA 11110"
37,614,117,11.33,15.37,"892 Julie Mount, Karenborough, GA 97260"
38,476,290,5.58,10.8,"30732 Luna Center Apt. 169, Ramirezhaven, NJ 34288"
39,345,459,13.18,11.45,"40595 Davis Gateway Suite 477, Garzachester, KY 33065"
40,120,192,8.17,13.08,"6713 Cobb Greens Apt. 514, Johnchester, UT 38702"
41,681,336,15.73,15.68,"582 Johnathan Locks, Justinberg, NE 62744"
42,940,135,19.56,19.72,"Unit 5951 Box 3952, DPO AP 27229"
43,120,378,15.34,10.67,"857 Sean Coves Apt. 090, Port Josephport, MA 58551"
44,369,433,9.3,15.16,"26126 Stephanie Shoal Apt. 661, Lake Williamburgh, AK 56789"
45,434,266,17.14,12.96,"58438 Shannon Turnpike Apt. 517, South Barbaramouth, MI 89038"
46,183,303,18.04,12.68,"PSC 8011, Box 8110, APO AP 94725"
47,657,74,9.07,19.08,"15310 Joseph Lock Suite 193, Howellhaven, CO 17548"
48,873,408,10.04,14.48,"14283 Joshua Circle, North Tanyamouth, DE 71294"
49,962,98,8.2,14.65,"Unit 4925 Box 2649, DPO AA 11433"
50,77,253,14.94,10.06,"952 Andrews Stravenue Suite 522, Cindyton, AL 01166"
51,942,286,17.29,12.32,"9948 Chelsea Springs, Kayleestad, NY 44571"
52,572,494,19.39,17.37,"84834 Smith Radial, Tylerland, MN 04440"
53,681,76,13.18,15.41,"3883 Scott Land Suite 390, Johnport, GA 42592"
54,609,305,15.53,17.45,"0730 Coleman Parks, Garyview, MO 68070"
55,353,356,12.66,18.18,"26264 Vanessa Dale Suite 906, Janicebury, NC 10374"
56,714,18,12.99,18.36,"47148 Farmer Isle Apt. 670, Lake Aprilville, HI 06041"
57,756,404,19.15,10.92,"718 Fuller Key Suite 021, New William, IL 67402"
58,341,56,12.03,13.05,"15369 Davidson Road, East Rebeccachester, SC 09381"
59,644,172,10.35,17.7,"USNV Lane, FPO AA 92613"
60,77,342,5.6,10.95,"70941 Latasha Mission Apt. 559, North Robertfort, AZ 38913"
61,506,11,13.5,12.09,"USNS Pratt, FPO AP 62088"
62,441,445,5.05,18.69,"009 Travis Burgs, West Anthony, ND 25889"
63,383,301,6.97,15.55,"06913 Donna Dam Apt. 320, Devinport, VT 87015"
64,179,422,19.74,18.04,"84900 Christopher Radial Suite 779, Abigailmouth, PA 80412"
65,539,150,11.25,19.11,"935 Edward Trail, Lauraborough, MD 41559"
66,1,15,7.13,12.71,"Unit 4274 Box 6991, DPO AA 10915"
67,708,25,9.67,12.02,"Unit 0079 Box 9500, DPO AP 62238"
68,344,168,17.43,12.93,"03862 Oneill Ramp, Patelport, IN 96413"
69,26,177,17.8,12.92,"66492 Lisa Mill, Barrettmouth, WA 62456"
70,736,391,12.81,15.73,"769 Chad Shore Suite 827, Lake Jaredburgh, IN 84159"
71,639,136,8.27,11.93,"53724 Ryan Road Apt. 310, Samanthamouth, NM 20323"
72,68,457,16.28,10.26,"PSC 7687, Box 6093, APO AA 48667"
73,907,337,8.39,11.14,"473 Erin Courts Apt. 821, North Janet, TN 84468"
74,861,198,14.19,11.57,"7526 Maria Locks Apt. 509, Dianebury, WY 46302"
75,934,101,7.62,14.55,"55936 Mitchell Mountains, Hannahmouth, IN 51993"
76,38,471,16.89,11.03,"0065 Potts Overpass, North Cynthiaborough, WV 96093"
77,321,405,14.69,15.89,"01429 Trevino Forest, Port Latashaport, DC 12436"
78,225,266,12.54,19.21,"172 White Ford Suite 706, Dawntown, AL 74105"
79,225,97,15.75,12.0,"070 Matthew Islands, South Jacob, NM 35978"
80,916,138,8.55,18.16,"9179 Warren Mission Apt. 867, Pedromouth, RI 85508"
81,270,151,13.53,19.05,"74586 Thomas Estates Apt. 494, Hoffmanchester, ME 43063"
82,524,440,16.56,13.02,"1327 Ricardo Shoal, Lake Jeremy, WA 76090"
83,734,414,16.07,13.7,"816 Megan Pines, West Michael, OH 24102"
84,176,116,17.78,16.03,"733 Castro Loop Suite 645, North Samanthaton, PA 84669"
85,913,452,17.28,10.87,"4492 Guerra Corners Suite 217, New Denise, NM 82980"
86,666,153,17.83,14.85,"395 Jones Walk, West Spencer, SC 37689"
87,719,398,8.78,13.1,"57707 Reyes Junction, Jonesborough, CA 58948"
88,732,93,19.53,19.47,"1423 Diane Ville, West Robertmouth, FL 55237"
89,108,492,9.05,10.46,"Unit 0697 Box 8972, DPO AA 91384"
90,262,14,6.88,18.83,"13623 Wolfe Ridge Suite 454, New Kellytown, RI 04202"
91,468,125,19.15,14.72,"809 David Plain, North Zachary, ID 37440"
92,675,192,19.21,18.83,"3321 Caldwell Brooks Apt. 529, Johnburgh, AK 98881"
93,910,405,9.36,14.68,"22491 Jessica Trail Suite 696, Port Randallmouth, AR 19497"
94,403,48,7.42,14.31,"6639 Debra Loop Apt. 938, East Jasonstad, AL 39496"
95,387,483,9.35,19.75,"530 Merritt Estate Apt. 925, Hayesport, DE 41427"
96,444,240,13.87,19.71,"929 Robinson Curve Suite 020, East Danielside, MA 10163"
97,588,373,8.66,11.86,"Unit 2729 Box 8880, DPO AP 28385"
98,246,355,10.59,16.63,"1682 Murphy Parkways Apt. 687, Port Travisberg, TX 82579"
99,188,30,7.83,12.68,"265 Murray Glen, East Fredchester, TX 52199"
100,433,26,16.15,14.75,"Unit 1445 Box 3611, DPO AE 31359"
101,958,227,13.87,14.55,"579 Calderon Vista, East Natalie, MO 73813"
102,836,492,15.28,15.11,"83433 Delacruz Parkway, North Paulaburgh, NY 21076"
103,545,218,17.92,10.83,"98875 Cook Greens, Tonyamouth, CO 27768"
104,50,68,9.99,10.74,"4295 Shannon Park, East Theresafurt, CT 73264"
105,314,417,16.13,13.87,"05247 Price Track Suite 145, Reedshire, MI 49775"
106,576,329,9.31,11.03,"373 Cassandra Port Suite 828, Port Marybury, VA 23069"
107,537,497,15.73,19.94,"USNS Jackson, FPO AA 15080"
108,26,240,14.01,15.73,"187 Denise Brook Suite 233, Port Denisemouth, CT 49517"
109,941,419,7.16,10.05,"876 Christian Passage, Morenoville, UT 28005"
110,791,471,17.62,16.07,"3786 Hernandez Haven Apt. 094, West Stephenfurt, TX 16163"
111,371,360,9.7,12.5,"6142 Jessica Highway, Aaronmouth, NH 84843"
112,802,115,10.02,10.65,"080 Jamie Ville Apt. 208, Harrisonbury, ND 46666"
113,316,28,13.19,15.91,"8990 Lopez Tunnel Apt. 581, Port Deniseton, MA 14146"
114,227,412,16.15,13.97,"602 Manuel Valley, North Noahchester, TX 28858"
115,174,172,12.12,11.05,"50051 Michele Parks, North Carolton, IL 60266"
116,645,447,18.85,18.43,"09737 Megan Locks, Elizabethmouth, WA 58178"
117,811,294,19.53,19.11,"206 Rivera Summit Apt. 109, Jeremymouth, TX 87643"
118,929,98,15.26,17.67,"0685 Christensen Court Suite 579, New Karenview, AR 03508"
119,368,392,14.81,18.21,"46763 Brown Stream Suite 758, Kylefurt, MT 26921"
120,809,90,14.4,13.2,"20426 Jimenez Ville, Floresbury, MO 86739"
121,887,127,8.14,11.5,"8514 Avila Junctions Apt. 271, West Jonathanhaven, OR 17550"
122,196,372,16.16,11.63,"386 Atkins Inlet Apt. 691, North Courtney, ND 95500"
123,487,5,5.16,10.24,"45266 Wyatt Junction, Port Andreshire, MD 66824"
124,123,366,18.09,16.4,"281 Moore Circles, East Mariahtown, WA 90316"
125,734,423,12.65,13.3,"USCGC Collins, FPO AP 85400"
126,307,59,11.92,16.82,"920 Perez Ridges Apt. 273, Scottside, WI 01441"
127,677,412,6.55,19.62,"43728 Brian Ramp, Taylorstad, OK 60072"
128,518,431,8.68,17.29,"631 Huffman Hill, Carlsonmouth, VT 88990"
129,113,485,7.74,16.57,"87923 Anna Crossroad Apt. 695, New Joshua, ME 75045"
130,833,199,14.31,14.11,"Unit 9949 Box 4854, DPO AA 92162"
131,907,286,8.55,19.34,"871 Hunt Trace Suite 482, North Vanessa, SC 64078"
132,150,87,6.3,11.68,"Unit 0376 Box 1776, DPO AP 91617"
133,797,302,8.8,10.91,"10503 Santana Parks Suite 218, Webbville, NE 65547"
134,878,182,19.06,18.11,"Unit 4000 Box 2393, DPO AA 05153"
135,375,291,9.35,16.92,"2624 Jennifer Street, South Linda, CT 51161"
136,982,139,18.7,17.68,"843 Santos Greens, Watsonfort, CT 18712"
137,379,326,7.46,16.29,"2255 Jessica Causeway, Duncanview, TX 63385"
138,132,406,9.16,19.7,"478 Jermaine Trafficway Apt. 142, Lake Samuelfurt, MI 32518"
139,996,341,10.46,18.28,"095 Barbara Ranch Suite 749, Michellemouth, LA 13914"
140,94,212,13.14,14.53,"40753 Williams Views Apt. 299, Gonzalezhaven, IA 33641"
141,612,405,13.23,13.54,"905 White Port Apt. 802, North John, IA 13703"
142,666,88,17.19,14.0,"81081 Young Spring Suite 910, Amberchester, MS 20319"
143,741,319,18.61,11.83,"30235 John Crescent, Jamesshire, MN 52713"
144,441,499,12.04,14.13,"9165 Keith Lock, North Erica, CA 21587"
145,488,148,9.05,13.55,"895 Rojas Creek, West Sara, OK 08830"
146,597,268,14.35,17.89,"11466 Michelle Vista, Rodriguezview, MT 80437"
147,835,413,11.19,14.26,"44690 Amanda Garden Apt. 153, Allenborough, NH 98307"
148,797,312,14.4,15.69,"27993 Richardson Loop Suite 146, Murphytown, NE 03511"
149,981,398,9.33,11.77,"0470 Torres Lodge Suite 002, New Charles, MD 48205"
150,179,128,18.77,13.62,"0906 Cameron Land, Fisherchester, WA 83882"
151,324,222,11.88,17.69,"7281 Jonathan Dale, Knoxborough, WY 33602"
152,531,446,18.24,19.74,"70168 Marshall Field, Brandonton, NJ 33196"
153,833,482,12.82,19.11,"237 Willie Squares, Adrianshire, OH 45491"
154,135,238,8.82,13.53,"54648 Ramos Valley Suite 670, Johnnyton, FL 80795"
155,741,259,13.99,17.52,"964 Edward Harbor, Kathybury, WA 55540"
156,560,121,8.03,19.18,"5613 Douglas Plains Suite 656, North Codyfurt, OK 74013"
157,696,397,9.55,19.25,"57828 Matthew Points, Port Anna, OK 88228"
158,494,164,8.75,18.83,"04931 Guzman Tunnel, Currymouth, WA 05802"
159,649,258,17.8,11.5,"358 Robinson Pike, Port Ambershire, NC 45357"
160,157,221,15.38,19.61,"74817 Robin Plain Suite 444, Banksfort, SC 74193"
161,868,24,5.57,19.45,"044 Michael Mount, New Jeremy, OR 24216"
162,275,450,5.46,18.33,"006 Allen Curve Suite 137, New Ashleybury, CA 39048"
163,491,106,9.11,12.24,"34683 Bowman Radial, Spencerchester, OK 04451"
164,472,349,8.5,11.27,"747 Richard Courts, North Tracymouth, WA 82185"
165,341,411,16.13,18.6,"929 Lane Springs Suite 825, South Alexandra, MO 46847"
166,108,81,10.01,10.91,"4055 Justin Falls Suite 427, Brownport, UT 19736"
167,614,362,8.66,15.36,"Unit 0556 Box 0250, DPO AP 54066"
168,950,408,5.27,19.3,"472 Kathryn Fork, New Thomasmouth, WY 10013"
169,120,360,15.26,18.78,"1222 Robinson Burgs Apt. 929, Port Jasonville, AK 17599"
170,108,391,14.63,13.72,"464 Garcia Throughway, Edwardport, WA 51382"
171,826,340,13.23,18.21,"PSC 1006, Box 6857, APO AA 97952"
172,524,463,6.56,15.18,"354 Frank Cape Apt. 320, Lake Michael, MA 11128"
173,782,276,16.9,18.45,"78190 Johnson Corner Suite 848, Branchmouth, AL 85945"
174,971,81,10.88,10.91,"PSC 6136, Box 8108, APO AE 10523"
175,811,64,14.37,17.9,"615 Peterson Pine Apt. 131, Ryanfort, UT 30732"
176,802,167,17.81,15.64,"583 Brown Station, New Danielberg, ME 71914"
177,977,166,17.81,15.81,"46915 Brian Crossroad, East Jose, WI 97954"
178,684,170,8.34,13.09,"5490 Denise Locks, Richardsonmouth, CO 62775"
179,160,434,10.28,10.59,"3691 Marcus Crest, Davidfurt, PA 73420"
180,698,74,16.29,11.69,"4983 Thomas Parkway Suite 182, Alexanderburgh, AZ 21451"
181,739,478,18.8,15.09,"2579 Carson Lodge, Calderonstad, KY 37091"
182,532,381,18.68,11.03,"4560 Richard Mount Apt. 007, Bryanhaven, WV 59966"
183,792,116,17.29,17.12,"426 Lewis Run, East Ericville, DE 71442"
184,649,52,17.5,13.66,"5347 Norman Spur Apt. 898, Curtisport, HI 97247"
185,493,9,12.5,11.92,"4038 Kaylee Road Apt. 557, Villafurt, TN 48289"
186,103,327,12.45,17.87,"267 Acosta Junctions, Port Deborahton, HI 52094"
187,349,41,15.23,17.15,"60446 Jose Mission Suite 120, New Stephanie, IL 16801"
188,132,256,16.47,12.78,"7842 Newman Hill Apt. 765, South Justin, RI 37456"
189,864,50,5.35,19.14,"73494 Kaiser Row Suite 029, Edwardsland, HI 06313"
190,696,254,10.37,15.85,"Unit 0523 Box 6236, DPO AP 45244"
191,482,99,11.0,16.88,"331 Burns Oval Apt. 302, Lake Emilyhaven, AL 01802"
192,390,267,11.69,10.71,"53298 Drew Crossing Suite 874, East Cindyton, AR 11567"
193,958,278,7.83,14.55,"06424 Kari Locks Apt. 604, Mannburgh, ID 37606"
194,714,120,9.55,11.44,"083 Micheal Extensions, South Melissa, NJ 19758"
195,57,104,10.91,16.96,"PSC 7533, Box 0632, APO AA 44143"
196,300,382,15.6,14.08,"1483 Peter Course Suite 378, North Tanyamouth, WA 02268"
197,694,236,17.73,15.57,"8431 Miller Mill, Conniemouth, CO 38603"
198,469,388,15.99,16.46,"529 Harris Junction Apt. 529, Andersonberg, VT 73246"
199,194,127,6.04,15.71,"41796 Thomas Plaza Apt. 791, Bakertown, FL 38937"
200,42,215,12.42,17.76,"1381 Helen Mews, North Sherry, OK 43725"
201,471,163,7.67,18.62,"6653 King Lodge, West Jerrystad, DE 72112"
202,122,117,5.67,13.73,"63825 Michael Park, Deannaburgh, PA 08340"
203,273,360,7.49,12.41,"418 David Rapids Suite 825, Sophiabury, UT 55202"
204,347,320,5.66,19.44,"994 Harmon Route, West Philip, CO 46259"
205,654,256,8.66,18.66,"3109 Hill Stream Apt. 519, Kennethfurt, LA 53683"
206,424,355,9.53,15.25,"94473 Rodney Square Suite 858, Wheelertown, NJ 03310"
207,507,468,12.05,15.57,"855 Tate Pine, East Maureen, IA 31055"
208,713,221,11.73,12.95,"4386 Burch Land, Gallagherfort, NM 30216"
209,796,40,6.31,11.78,"391 Lori Dale Apt. 795, Monroeland, GA 90835"
210,974,9,9.16,14.84,"5488 Diaz Bypass Suite 722, Lisaberg, DC 22202"
211,587,307,13.22,18.99,"PSC 1176, Box 6802, APO AP 66902"
212,785,485,16.11,15.19,"120 Angel Road Apt. 498, Cynthiafort, WA 41331"
213,165,14,19.56,11.54,"302 Amanda Village, Port Andrew, VT 73177"
214,897,56,6.86,11.34,"9809 Diane Street, Churchview, UT 45325"
215,822,207,12.13,16.52,"52727 Darius Station, Paulafort, KS 87648"
216,821,64,5.07,19.34,"88615 Perez Cape, Millermouth, OK 88944"
217,796,7,8.48,11.51,"5302 Erica Mills, New Paulaland, WV 41928"
218,531,185,8.05,19.96,"106 Johnson Tunnel, West Douglasport, SC 99622"
219,227,254,5.71,14.65,"515 Mosley Stravenue Apt. 347, Rowlandmouth, ND 56426"
220,39,366,12.43,18.24,"73302 Reese Track Apt. 476, Johnsonview, ID 13341"
221,324,138,6.64,17.51,"6229 Cochran Camp, East Suzannetown, NV 09025"
222,13,494,8.88,19.42,"692 Moran Station Apt. 735, Scottton, DE 93479"
223,435,385,13.42,15.58,"03185 Jennifer Tunnel Suite 588, South Summer, NH 89659"
224,188,484,10.95,16.67,"9558 Michelle Mall Suite 965, North Yvonneton, WV 88908"
225,671,338,13.07,13.47,"4895 Mitchell Village Apt. 457, East Don, MS 47216"
226,368,57,14.01,15.02,"6440 Bender Cove Apt. 088, Patelmouth, IN 44137"
227,518,135,14.91,18.8,"9257 Taylor Ranch Suite 257, Cassandrahaven, VT 47074"
228,427,83,13.7,16.65,"227 Denise Islands, Wareborough, SD 17973"
229,682,343,14.56,17.55,"9790 Tiffany Hill Suite 282, East Joseph, WY 27996"
230,902,169,5.55,16.76,"1130 Joshua Flats Suite 014, West Amandachester, ME 66389"
231,31,367,14.09,18.89,"1266 Miller Turnpike Suite 980, New Dianeborough, NC 38460"
232,283,402,6.25,14.88,"249 Kelley Garden Apt. 365, Osborneville, AZ 05803"
233,578,278,19.36,16.63,"741 Andrea Port Apt. 191, Dawsonmouth, MN 70691"
234,902,203,13.17,18.87,"856 Thomas Point, Jacksonport, MT 74413"
235,62,348,16.18,14.77,"9556 Troy Brook Suite 891, Bennetthaven, NJ 80293"
236,472,321,5.48,18.96,"471 Smith Curve Suite 961, North Kristin, OR 47741"
237,52,488,8.72,12.37,"3889 Jeffery Street, Jamesmouth, ME 97308"
238,54,473,7.21,12.79,"3057 Simpson Avenue, Davisstad, CT 55492"
239,797,233,12.76,14.53,"697 Vazquez Inlet, South Melissafurt, DE 06926"
240,326,455,12.68,10.71,"4603 Perez Mill, Lake Sheilafort, AR 42007"
241,326,458,13.8,10.83,"286 Janice Forks Apt. 302, Perezfort, UT 50821"
242,877,8,9.49,19.54,"180 Lee Stravenue Apt. 404, West Margarethaven, SC 23865"
243,699,446,9.35,19.97,"41845 Mclean Falls, North Kennethfurt, KS 06350"
244,491,186,13.55,14.33,"5912 Debra Loaf, East Lindamouth, AR 35536"
245,228,211,18.35,14.76,"Unit 5859 Box 7889, DPO AE 98738"
246,949,163,8.16,14.89,"4139 Wilson Lodge Apt. 382, Lake Kevin, CA 29646"
247,112,490,12.8,10.89,"71962 Turner Cape Apt. 786, North Erikbury, ME 56036"
248,528,323,9.05,13.77,"786 Pamela Bypass, South Josephport, UT 21395"
249,6,168,6.95,16.65,"Unit 6521 Box 2674, DPO AE 52969"
250,265,192,5.98,18.02,"Unit 9180 Box 5900, DPO AE 15698"
251,537,170,13.7,11.03,"765 Richard Forest, Meltonchester, IA 99537"
252,835,364,7.37,11.26,"PSC 6565, Box 0950, APO AE 28822"
253,354,455,6.0,18.78,"629 Jessica Expressway Suite 092, Freemanborough, GA 33935"
254,654,74,11.33,17.69,"62373 Derek Track Apt. 403, South Ashleystad, KY 00805"
255,487,302,7.82,15.56,"5056 Sarah Drives, West Michaeltown, MT 77202"
256,691,420,5.29,19.35,"983 Vincent Land Apt. 511, Washingtonton, NV 96664"
257,404,181,16.82,17.31,"5595 Garcia Station Suite 575, New Paige, AR 53022"
258,345,357,14.0,14.64,"USS Reese, FPO AA 44155"
259,647,128,5.66,10.26,"USCGC Stephens, FPO AE 49402"
260,730,388,16.04,18.8,"59221 Oconnor Center Apt. 946, Kellyside, MI 68094"
261,577,464,5.38,11.16,"78618 Gregory Heights Apt. 618, Greenfort, AK 05236"
262,519,329,11.86,10.32,"42299 Rodriguez Mall, Paulamouth, CO 63243"
263,97,164,13.29,10.82,"07334 Michael Orchard Apt. 785, South Andrew, AL 30918"
264,506,140,6.27,11.81,"6782 Kyle Throughway Apt. 854, Burgesston, UT 99675"
265,877,379,19.64,12.84,"924 Thomas Crest, Rachelmouth, CT 58957"
266,175,108,6.83,17.03,"4124 Diane Plaza Suite 475, New William, MA 86638"
267,187,340,9.84,14.7,"USNV Schmidt, FPO AE 93753"
268,134,359,6.19,16.89,"315 Stevens Ridge Suite 014, East Robinstad, OK 24407"
269,547,436,10.4,15.04,"8838 Maria Stravenue, Port Phillipland, HI 89525"
270,761,181,14.94,12.71,"940 Sims Walk, East Tony, MN 46186"
271,220,419,19.74,17.37,"451 Wright Hill Suite 413, Stephensonton, MD 96661"
272,50,272,12.44,16.28,"2345 Jeffrey Row, Velezside, WY 46392"
273,192,220,16.69,12.0,"USCGC Richardson, FPO AP 86381"
274,682,153,15.51,10.43,"34237 Ramos Summit Apt. 011, Jessicamouth, IA 41839"
275,825,407,7.31,15.21,"Unit 5173 Box 5453, DPO AA 86511"
276,603,240,6.74,13.81,"637 Haynes Turnpike, Reneeton, CT 80505"
277,936,236,7.19,19.63,"47255 Jeffrey Alley, Lake Matthew, WI 58705"
278,279,378,11.06,14.39,"97726 Rebecca Plains, East Jennifer, MD 99905"
279,225,194,19.31,11.36,"190 Louis Lights Suite 788, West Donna, IA 93525"
280,375,206,6.87,10.25,"98574 Denise Hill, Gabrielleville, CA 85573"
281,263,168,10.29,14.16,"777 Reed Brook Suite 442, Lisaton, NH 01364"
282,379,129,9.11,13.8,"154 Deborah Hill Suite 155, Christopherville, VA 23822"
283,960,150,17.06,16.75,"8800 Sean Forks, Kaiserborough, UT 42678"
284,273,214,6.79,13.75,"PSC 1300, Box 0373, APO AA 91580"
285,769,212,18.91,18.59,"Unit 6962 Box 0841, DPO AE 45689"
286,654,461,15.17,15.81,"USNS Oconnell, FPO AP 61890"
287,519,51,14.87,11.81,"52755 George Crossing Apt. 463, East Jessehaven, MS 15438"
288,565,51,9.91,15.21,"154 Cole Haven Apt. 543, New Nicholaston, NC 65933"
289,663,134,15.64,16.42,"5187 Sandoval Prairie Suite 680, Allenfort, TN 21857"
290,390,238,14.47,10.2,"817 Vargas Mission Suite 928, Susanchester, IN 46088"
291,194,479,9.49,12.7,"663 Alexander Pines Suite 736, Jamesberg, NJ 02447"
292,506,350,9.87,15.97,"Unit 3840 Box 7658, DPO AA 03663"
293,507,92,12.91,15.67,"8314 Andrew Stream, Michaelstad, ID 91135"
294,93,424,18.09,14.97,"96090 Martin Divide, Lake Kathrynburgh, ME 47460"
295,39,427,15.15,17.59,"19428 Corey Viaduct Apt. 214, Christinaland, AL 47347"
296,860,328,18.8,17.03,"02436 Vincent Drive, Brookstown, ID 39462"
297,47,33,17.83,19.83,"51574 Mary Mills, New Tonyamouth, CA 53089"
298,698,142,11.43,18.36,"367 Kathryn Ford, Jeffreybury, MT 36280"
299,855,248,13.3,19.09,"07071 Ballard Valley, Bridgesfort, DC 16306"
300,932,202,15.42,16.41,"80000 Amber Forge, New Kristenshire, VA 71399"
301,826,274,7.76,13.18,"240 Walter Lodge Apt. 237, South Mark, NJ 99868"
302,698,372,6.88,19.09,"302 Stephanie Island, Jamesstad, OK 96075"
303,118,164,16.68,12.3,"3569 Brock Gardens Suite 860, Shannonfurt, OH 52992"
304,966,494,16.91,10.82,"532 Romero Overpass Suite 570, East Maryland, CT 85075"
305,403,158,9.77,13.78,"07510 Richard Ways Suite 012, South Leslie, AK 99353"
306,330,78,5.29,13.6,"84554 Juarez Views Apt. 050, Steveburgh, AK 14312"
307,134,456,12.6,11.05,"44027 Hodges Forges Suite 451, South Robert, IN 90779"
308,455,102,6.82,14.68,"USNV Carpenter, FPO AP 80708"
309,632,152,6.74,10.05,"225 Ingram Haven, South Kristinashire, MS 55460"
310,538,121,9.49,13.71,"2207 Adam Forges, Bakerhaven, MN 55976"
311,170,224,15.64,11.05,"Unit 7093 Box 1638, DPO AP 11348"
312,489,461,17.39,13.83,"25536 Alexander Fords, South Benjaminchester, UT 78674"
313,645,177,13.86,13.53,"10430 Mary Corner, West Joann, DC 79018"
314,775,458,19.0,10.98,"91827 Jon Mews Suite 325, Lake Kerry, IN 54308"
315,981,161,5.72,19.46,"10548 Schultz Heights Apt. 251, New Blake, DC 81862"
316,532,477,5.98,15.98,"99532 Scott Ville Suite 267, New Martinfurt, SC 30605"
317,482,27,15.48,11.52,"582 Angela Parkways, Kimberlyton, MA 36550"
318,390,56,16.04,13.41,"976 Juan Lake Apt. 769, Michellehaven, IN 86006"
319,941,40,9.65,10.83,"390 Leah Stream, New Lisamouth, KY 05443"
320,47,40,7.39,10.47,"489 Angel Harbor Apt. 356, Kaylahaven, AZ 54353"
321,537,256,5.64,13.86,"716 David Vista Suite 696, Rickyfort, NM 50912"
322,311,323,16.08,19.37,"635 Barron Flats, Marystad, SC 87949"
323,204,453,16.57,13.68,"90741 Christina Roads, North Coreyside, AR 42958"
324,809,77,13.93,14.93,"57369 John Parkways Suite 789, Haleyburgh, NM 41940"
325,495,301,16.17,10.48,"8817 Morton Pine Suite 985, Roseside, RI 49544"
326,23,387,14.48,13.81,"5232 Ann Square Suite 032, Weavershire, WI 76924"
327,785,238,7.9,17.92,"64241 Long Fords Apt. 867, Boyertown, GA 61056"
328,666,482,18.75,11.75,"03299 Nicholas Junction, Lake Kayla, TX 84722"
329,95,468,7.87,15.47,"004 Boyd Tunnel Apt. 248, Villanuevatown, RI 26292"
330,307,68,7.52,12.09,"Unit 3285 Box 0256, DPO AP 54858"
331,825,405,6.18,15.19,"00216 Hull Station, New Amandaview, CO 94239"
332,627,245,16.2,16.43,"17638 Mahoney Ramp, Paulhaven, HI 37564"
333,919,118,14.39,15.31,"157 Timothy Springs Suite 084, New Marilynbury, MO 27995"
334,810,297,7.48,19.49,"718 Robert Views Suite 691, Davidmouth, MD 69025"
335,416,99,15.45,13.05,"905 Michael Falls Apt. 308, North Maryport, WI 10561"
336,603,374,11.1,19.26,"4467 Cisneros Port Apt. 964, New Jack, CT 95391"
337,493,240,10.41,19.5,"438 Lowe Neck Apt. 022, Port Richard, NC 64937"
338,868,46,13.66,16.85,"214 Gerald River, Reedside, OH 42017"
339,713,55,7.18,19.38,"432 Juan Streets Suite 223, South Rodney, WA 32092"
340,265,457,10.1,11.13,"6646 Bennett Harbor Suite 071, East Paul, MI 92303"
341,376,26,17.44,18.2,"48446 Preston Village, Anneshire, LA 84165"
342,723,103,17.23,16.3,"PSC 6236, Box 7257, APO AP 38283"
343,657,141,13.5,13.33,"9777 Dougherty Forks, South Erin, DE 17959"
344,493,395,19.38,10.84,"626 Hernandez Meadow Suite 092, Johnnychester, OR 63913"
345,713,84,6.44,15.61,"789 Rose Squares, Lake Evelynland, HI 89321"
346,357,126,15.71,19.16,"45343 Christopher Oval Suite 014, North Elizabethberg, UT 06445"
347,887,497,19.31,17.91,"9845 Nelson Green Suite 935, Lake Brian, MI 23082"
348,766,471,18.43,18.39,"031 John Via Apt. 989, Brandonberg, SC 70965"
349,756,317,16.53,10.5,"15884 Paul Keys, Costastad, NH 87143"
350,855,355,8.26,17.26,"62765 Harris Plains, Barneschester, TX 06203"
351,82,36,6.11,12.38,"8197 Christopher Squares Suite 518, Samuelstad, MN 20861"
352,852,117,6.86,13.98,"66581 Jennifer Park, New Mistyfurt, LA 32646"
353,983,12,14.1,15.73,"02452 Wilson Mission Suite 549, Donaldfurt, ME 90285"
354,736,446,13.85,12.89,"409 Mendoza Plaza, Davidfort, ME 29082"
355,273,351,11.94,14.14,"159 Deborah Squares Suite 054, Smithfort, RI 72475"
356,518,333,12.62,12.43,"55305 Justin Falls, Mooneyview, WA 50067"
357,439,470,15.62,11.0,"Unit 8597 Box 7336, DPO AE 69385"
358,282,259,6.34,12.56,"3728 Klein Prairie, Lisaborough, DE 65309"
359,524,471,6.42,18.17,"75551 Potts Point, Fosterland, KS 87758"
360,170,136,10.58,19.8,"5053 Christy Highway Suite 756, Davisfurt, OK 03881"
361,568,231,18.22,19.42,"Unit 6261 Box 0894, DPO AA 97569"
362,916,168,6.83,11.6,"9876 Julian Avenue, Petersonton, HI 96517"
363,36,279,9.18,10.78,"559 Roger Dam Suite 540, Lake Nicole, OK 24386"
364,736,43,9.89,17.6,"33642 Montoya Ways Apt. 150, New Beth, MA 77905"
365,978,240,13.06,13.54,"19959 Abbott Run Suite 213, Singletonport, DC 79354"
366,690,377,15.95,15.5,"4524 Sandra Isle Apt. 137, Debraborough, NM 83323"
367,68,123,11.41,15.22,"073 Suarez Port, New Karinachester, UT 26690"
368,9,358,15.93,14.0,"9222 Amanda Court, Ryanfurt, NC 98762"
369,565,177,6.6,13.69,"12387 Rivas Ville Apt. 293, Michaelmouth, CT 14850"
370,15,376,7.76,15.95,"92349 Nathan Springs Apt. 834, Lake Danielleville, VA 22049"
371,458,455,8.93,19.82,"9482 Smith Plain Apt. 805, Bradleyshire, NJ 20429"
372,975,88,7.39,13.49,"0258 Pierce Trafficway, Port Jeremy, OK 99641"
373,395,378,18.26,11.08,"2573 Jennifer Prairie Apt. 868, Ronnietown, WA 77590"
374,941,358,16.39,17.39,"3987 Gail Crossroad Suite 927, Jasonmouth, WV 53504"
375,189,209,7.46,11.54,"3093 Rich Springs Apt. 346, Harrisland, IL 38164"
376,353,376,15.07,14.09,"7335 Fisher Crest Suite 105, Michellemouth, OK 51877"
377,430,339,16.95,17.73,"986 Joseph Squares, Wallacehaven, DC 90550"
378,692,261,13.43,15.11,"9570 Mary Center Suite 731, Karenfort, AZ 74215"
379,730,420,12.3,13.24,"34451 Hall Mission, South Barbaraville, DE 36991"
380,605,362,11.8,10.29,"151 Fox Islands, Angelafurt, GA 72744"
381,583,428,9.92,16.67,"201 Williams Alley, Ramirezside, KY 02456"
382,27,180,9.95,12.08,"9590 Gross Tunnel Apt. 120, Stewartstad, MD 57659"
383,502,330,5.52,16.45,"1362 Saunders Point Apt. 450, East Robertland, VT 67362"
384,555,243,18.78,16.88,"08217 Martha Canyon, Christineton, ID 24283"
385,454,376,12.49,17.11,"720 Andrew Forks Suite 743, Lake Juanfurt, AL 25063"
386,12,476,6.04,15.19,"641 Odonnell Valleys, Williamfort, TN 08456"
387,311,468,9.38,13.41,"0578 Carlson Rue, New Beth, ID 30662"
388,451,121,14.79,13.26,"0912 Tyler Way, South Stevenfurt, UT 47223"
389,612,378,8.09,19.25,"879 Figueroa Prairie Suite 720, Kimborough, SD 64267"
390,528,378,14.81,14.16,"97077 Johnson Pass Apt. 247, West Justinchester, AK 58044"
391,72,300,12.97,14.35,"49026 Smith Skyway, Lake Michael, MT 97104"
392,35,488,7.04,17.28,"669 Alyssa Meadows, New Elizabeth, OH 85006"
393,386,475,6.12,14.59,"USCGC Harris, FPO AP 82209"
394,82,265,12.28,15.61,"0774 Miller Flat, Lake Jamesland, SC 95948"
395,775,467,13.19,13.66,"2340 Haynes Fall Apt. 456, Tiffanyberg, CO 77033"
396,57,342,8.46,13.1,"8539 Lisa View Suite 752, Riveraburgh, NC 71444"
397,76,336,16.45,19.2,"00530 Gary Ports Apt. 899, Karenton, CA 49312"
398,539,338,9.14,10.89,"480 Curtis Path Apt. 312, Melindaburgh, RI 22421"
399,681,323,8.03,15.99,"503 Julie Mountain, Avilachester, MS 84553"
400,207,397,11.74,11.44,"87417 Gregory Landing, Gilmoreland, RI 91025"
401,454,34,12.25,18.43,"7939 Kevin Hill, Jamesstad, MI 16148"
402,859,89,6.12,15.26,"4191 Montes Drive Suite 992, West Henrychester, WY 88435"
403,225,166,12.4,10.98,"858 Billy Shoal Apt. 705, South Scott, NC 12452"
404,909,493,18.3,13.19,"2545 John Centers Suite 441, New Joe, CT 41440"
405,846,58,19.23,11.86,"3810 Williams Fields, Williamsfurt, CO 49799"
406,793,48,11.57,15.05,"649 Espinoza Drive Suite 736, Port Charlesmouth, CA 63050"
407,294,323,7.19,15.43,"42541 Smith Circles, West Johnhaven, OR 32399"
408,795,323,19.11,16.1,"929 Kenneth Gateway Suite 886, New Jamesbury, OK 80963"
409,126,472,19.29,18.12,"078 Kyle Inlet, New Carloschester, IN 96007"
410,150,166,15.02,16.12,"74775 Mark Valleys, West Deborah, TN 68525"
411,242,292,10.06,17.94,"USCGC Ward, FPO AE 63067"
412,482,490,5.51,18.8,"76288 Thompson Place, Turnerville, SC 42483"
413,625,451,6.2,14.93,"3783 Margaret Roads, New Jenniferville, DC 24775"
414,782,168,18.75,14.47,"5053 Joshua Extensions, Lake Colleenport, UT 31338"
415,213,193,14.72,11.57,"Unit 4137 Box 1070, DPO AP 60067"
416,382,275,8.97,13.68,"6250 Russell Rest, North Peter, VA 54617"
417,400,248,8.33,14.77,"PSC 1257, Box 4918, APO AP 04903"
418,418,439,14.68,18.76,"142 Joseph Motorway Apt. 825, New Steven, SC 69494"
419,47,64,13.48,16.21,"86197 Gonzales Place Suite 189, North Louis, CA 26952"
420,378,282,5.8,18.2,"PSC 4932, Box 2345, APO AA 80265"
421,83,260,13.04,10.91,"672 Donald Corners, Zunigabury, VT 19884"
422,693,372,11.86,12.94,"060 Garcia Estates, Port Kathryn, WA 79174"
423,403,190,9.39,18.9,"514 Wilson Cliffs Apt. 139, West Glennton, OR 18586"
424,278,499,7.16,18.81,"26585 Marc Fields Suite 254, Crossside, VT 42474"
425,404,208,10.66,13.63,"USNV Hoover, FPO AP 48878"
426,244,373,9.15,10.13,"3290 Jones Mission Apt. 477, West Ericahaven, ND 92206"
427,978,444,5.75,13.19,"57813 Mccoy Drives, Lake Samanthatown, RI 93035"
428,657,415,5.84,11.99,"6890 Randall Spurs Suite 078, Jasonbury, KS 05825"
429,612,92,14.61,17.14,"07636 Thomas Plain, Lake Heather, KY 66596"
430,948,43,10.1,12.16,"908 Jennifer Stream, Sanchezchester, OH 89254"
431,469,473,6.97,15.51,"Unit 3226 Box 4062, DPO AP 43946"
432,837,34,15.6,16.37,"405 Williams Pine Apt. 199, Logantown, CT 10262"
433,612,31,17.77,18.13,"149 Padilla Grove Apt. 864, Sandraville, GA 85800"
434,808,370,11.75,12.39,"PSC 2221, Box 6208, APO AP 16988"
435,958,493,17.35,14.03,"31293 Diaz Hollow Suite 369, Pearsonberg, ID 39609"
436,442,129,19.22,11.64,"108 Thomas Knolls, Katherineberg, AR 65210"
437,116,239,19.6,18.76,"USNV Kane, FPO AE 56524"
438,395,4,12.26,10.71,"237 Vargas Harbor, Loweryfurt, RI 43497"
439,6,47,7.41,17.01,"9528 Johnson Point, East Eric, MI 21567"
440,170,380,15.72,10.51,"27493 Jamie Crossroad, North Susan, NJ 71337"
441,382,201,12.02,19.62,"131 Nancy Station Apt. 317, Kathyberg, MO 90817"
442,74,408,18.71,18.07,"5412 Tammy Shoals Suite 891, Marissaberg, MA 94376"
443,489,95,19.59,11.26,"6761 Henry Cove, Aprilport, OH 88542"
444,23,463,16.81,19.04,"295 Bethany Circles, Lake Chloe, IN 51709"
445,861,215,17.14,17.88,"513 Shepard Lodge, Pratthaven, ND 26550"
446,703,349,16.77,13.28,"6054 Sanchez Glens Suite 494, Port Dianefort, WA 03544"
447,876,231,13.35,11.18,"50200 Johnson Square Apt. 976, Alvaradomouth, NM 58335"
448,390,96,12.33,10.74,"238 Paige Parkway, Nielsentown, ME 75585"
449,362,189,12.88,10.88,"584 Thomas Valley Apt. 651, West Sergio, IA 93024"
450,792,471,19.89,16.43,"262 Kenneth Greens Apt. 990, Smithborough, MN 74696"
451,108,53,16.79,16.29,"1816 Bridges Radial, Port Rebecca, NV 98409"
452,49,317,10.04,11.0,"77868 Tara Road Suite 639, South Cynthiabury, NJ 29594"
453,960,448,17.46,14.6,"6160 Smith Place, Rhodeshaven, MO 49528"
454,817,150,11.19,11.13,"9452 John Locks, Jeanburgh, MN 71111"
455,669,332,11.26,15.54,"Unit 6202 Box 3188, DPO AP 01006"
456,400,210,13.34,17.58,"67314 Deborah Park Suite 786, West Janetstad, GA 19608"
457,688,225,7.23,11.23,"92276 Kelly Stream Apt. 065, South Christopherfort, MT 69408"
458,868,259,16.13,18.16,"17172 Dawn Lakes Suite 240, Lowemouth, WV 40141"
459,529,58,12.94,13.24,"95000 Cooper Mountains, Elizabethstad, CA 14213"
460,557,74,16.39,13.61,"69968 Rodriguez Court Apt. 908, North Brad, NH 25030"
461,811,220,14.13,17.57,"PSC 8785, Box 8260, APO AA 33750"
462,174,249,18.3,19.94,"33684 John Lake Suite 775, Lake Jamieton, MO 17148"
463,644,447,19.35,13.18,"9751 Huff Viaduct Apt. 436, Lake Ashleyfurt, MS 63757"
464,112,11,12.01,19.71,"USS Rivera, FPO AP 50971"
465,632,484,15.08,13.84,"09850 Nicholas Hill, Sheilaside, MI 03434"
466,341,245,11.94,13.15,"72331 Hanson Station, Leonardland, LA 96925"
467,860,178,9.88,17.1,"591 Matthews Islands, Montoyastad, ME 09317"
468,248,1,14.6,11.61,"2385 Cheryl Key Suite 240, Hannahland, UT 38807"
469,2,272,7.44,18.85,"36023 Wilson Gateway Suite 673, Cohenport, CA 89836"
470,680,252,8.73,11.4,"70615 Bradley Road, New Ronald, WY 17486"
471,179,433,16.65,11.04,"670 Kevin Shore Suite 141, Lake Kelsey, NY 92419"
472,51,56,15.61,18.46,"2530 Michael Parks Suite 498, Port Aliciastad, CO 12842"
473,942,6,8.78,13.76,"2577 Jared Place, North Kimberlyton, KY 58918"
474,544,261,6.37,13.55,"207 Allison Mission, New Frankberg, KY 12017"
475,868,365,10.71,13.88,"PSC 4258, Box 3703, APO AA 74424"
476,665,89,5.45,17.31,"03712 Smith Skyway, New Patricia, IA 50748"
477,24,301,17.56,11.5,"73452 Chavez Field Suite 459, Teresaville, WV 29536"
478,576,225,13.15,18.72,"612 Terrell Trafficway, Patelport, ID 94836"
479,448,246,11.68,17.9,"2547 Samantha Walks Suite 803, Moniquehaven, MI 81081"
480,663,273,13.99,15.1,"407 Zachary Hill Apt. 809, New Judithmouth, HI 42448"
481,785,114,14.5,16.78,"8691 Joe Shoal, West Sethside, WI 30075"
482,633,250,18.75,10.02,"03049 Nash Spring Apt. 449, Garciaside, KY 39197"
483,576,51,16.49,17.18,"Unit 1236 Box 5760, DPO AE 50980"
484,359,352,13.8,12.37,"0870 Mason Radial, Scottbury, VA 11344"
485,586,278,8.97,10.28,"867 Brown Junctions Suite 256, East Annefort, AL 98971"
486,172,111,8.71,13.9,"725 Kristine View Suite 096, Shawnburgh, MS 24309"
487,649,32,5.55,19.2,"498 Howard Falls Suite 615, West Lisaburgh, AK 06665"
488,165,282,16.49,10.71,"USCGC Kemp, FPO AA 79855"
489,559,500,12.76,15.69,"26031 Ruben Bridge Apt. 508, Kennethfurt, MN 49565"
490,265,386,11.06,12.9,"96404 Patricia Fort Suite 763, Briggsfort, WI 83252"
491,15,197,10.97,19.43,"706 Medina Haven, Christopherville, VT 66647"
492,296,171,16.24,17.43,"466 Hines Summit, Tranmouth, IA 82337"
493,882,390,10.57,12.92,"1354 Wendy Isle, Angelaport, SC 43933"
494,150,238,9.78,19.97,"2555 Smith Landing, Kaylaport, MA 24843"
495,555,285,15.66,19.65,"574 Erika Estates Apt. 161, South Harry, LA 07931"
496,498,240,11.3,10.95,"66671 Phillips Station, Port Erikaborough, VA 42833"
497,897,324,15.47,19.12,"31081 Hoffman Via, Armstrongchester, NM 01767"
498,876,106,15.49,14.13,"51213 Carrie Station Suite 108, Butlertown, KS 09646"
499,173,68,5.82,12.72,"78417 Darin Landing, Timstad, NC 78134"
500,3,334,15.53,13.3,"276 Whitehead Drives Suite 318, East Kimberlyside, NM 27802"
501,909,64,15.23,17.71,"862 Lopez Ferry, East Paulberg, NM 38866"
502,748,330,18.49,13.2,"Unit 6279 Box 6127, DPO AA 33856"
503,283,475,16.73,12.72,"099 Lori View, Caseyview, TN 79781"
504,326,233,19.91,17.63,"13225 Wolf Street Suite 414, Port Christinaview, HI 74806"
505,532,342,17.61,11.39,"Unit 9117 Box 5942, DPO AP 18136"
506,420,413,7.55,13.04,"9590 Brent Heights Apt. 103, Port Robertshire, KS 07233"
507,909,351,9.59,12.63,"0999 Thomas Inlet Apt. 594, Timhaven, ND 46834"
508,812,16,11.37,18.69,"Unit 7371 Box 2016, DPO AE 44324"
509,948,262,18.32,14.59,"36966 Lawrence Falls Suite 006, East Douglas, SC 92918"
510,876,37,5.85,14.98,"PSC 0962, Box 7371, APO AA 21025"
511,247,83,8.17,18.45,"PSC 3478, Box 0522, APO AP 30815"
512,156,42,19.51,11.2,"77269 Higgins Walks, Christophertown, UT 95291"
513,448,317,5.72,10.16,"913 Anna Mews, Dixonhaven, SC 60205"
514,800,136,18.43,11.83,"89201 Doyle Hollow Suite 452, Bairdside, MI 10335"
515,977,46,13.93,14.92,"4215 Hernandez Isle, Mariomouth, AK 23400"
516,656,66,14.55,12.42,"5500 Hardin Alley, Harmonside, PA 34891"
517,814,169,5.29,11.66,"1317 Richard Rapid Suite 823, Cummingsland, OH 21012"
518,897,142,14.1,13.6,"353 Morales Alley Apt. 608, Brandonton, WV 88004"
519,929,105,6.85,11.35,"5455 Abbott Crescent, South Meghanport, MN 83397"
520,122,122,15.69,13.41,"16867 Steven Loaf, Torresborough, ID 26782"
521,577,255,11.95,19.07,"742 James Prairie, North Albert, MS 58242"
522,594,308,13.67,13.46,"PSC 1879, Box 8247, APO AA 19421"
523,367,326,14.48,19.14,"2744 Gomez Locks, South Jasonland, NJ 55729"
524,448,238,19.6,15.44,"6174 Nancy Inlet Apt. 276, Lake Megan, ND 63286"
525,275,480,15.81,16.45,"5130 Garcia Crossroad Apt. 537, Lopezbury, SC 27347"
526,752,128,12.8,18.16,"196 Nolan Prairie, Tinaland, VA 13869"
527,213,314,18.52,14.05,"6798 Scott Vista Apt. 797, Port Kimmouth, CA 37454"
528,902,351,9.26,11.9,"63968 Linda Trail, Gillespiefort, UT 84584"
529,614,486,10.68,19.62,"29909 Craig Mountains Suite 512, Port Teresaview, NJ 44188"
530,576,371,16.57,12.26,"77499 Maynard Wells, Alanmouth, DC 30069"
531,464,32,18.52,13.78,"34700 Grant Prairie Suite 936, Lake Nicole, AK 39810"
532,889,362,17.96,11.53,"431 Barrett Points, New Heather, MA 73973"
533,116,105,15.32,16.84,"465 Christine Causeway Suite 948, New Meganton, WY 50488"
534,381,126,15.4,13.03,"593 Heather Meadows, North Latoya, KS 38265"
535,180,53,5.76,17.51,"851 Lori Spurs Suite 620, Transtad, ME 17132"
536,174,330,11.81,13.73,"USS Montes, FPO AP 82134"
537,179,409,9.41,13.43,"207 Wolfe Plain Suite 378, Janemouth, LA 67331"
538,432,219,6.19,13.06,"4402 Donald Junction Apt. 530, North Melissaport, IL 02296"
539,35,422,9.19,16.22,"1577 Sarah Oval, East Robinside, AK 82015"
540,634,320,14.22,15.66,"196 Wallace Forks Suite 973, Jameschester, NM 13195"
541,860,254,16.24,14.5,"72867 Jennifer Village, Brendaside, IN 95218"
542,87,262,17.37,16.05,"4876 Natasha Crossroad, Connorburgh, DC 43853"
543,739,384,8.56,13.55,"746 Deanna Mountains Apt. 568, New Emilyfurt, KY 85983"
544,942,6,18.27,15.32,"579 Gary Square, Amyberg, AL 46147"
545,797,431,10.01,14.0,"1853 Scott Viaduct, North Juliebury, UT 44362"
546,652,72,9.68,15.21,"60146 Gloria Trace Suite 136, South Lukefort, CT 19124"
547,283,42,5.37,11.13,"17819 Hensley Bypass Apt. 062, Lake Alexisland, LA 16468"
548,348,37,10.64,16.41,"3815 Holt Light, Julietown, ME 75726"
549,528,64,19.4,11.99,"79065 Bryan Highway Suite 270, North Martha, DE 06322"
550,94,442,5.65,17.11,"USS Phillips, FPO AP 50316"
551,327,443,18.45,16.88,"PSC 0496, Box 6516, APO AE 60585"
552,33,408,10.36,18.6,"2042 Mueller Grove Apt. 388, East Jonathan, AR 86726"
553,547,51,7.58,12.2,"352 Renee Well, Monicamouth, LA 33839"
554,328,13,11.85,11.47,"8174 Diana Street Apt. 597, Kelleychester, OR 91351"
555,143,111,18.15,16.41,"5263 Baker Lane Apt. 474, Lake Kyle, WI 21079"
556,862,248,14.04,17.05,"305 Woods Circle Apt. 906, North Lisabury, VA 89513"
557,545,231,12.52,17.89,"32700 Patrick Parks Apt. 501, Gonzalezfurt, MN 16064"
558,901,359,13.39,11.6,"USS Sutton, FPO AE 27515"
559,12,290,13.34,13.2,"134 Barbara Summit Apt. 015, Port Stacey, WA 80179"
560,380,454,19.44,16.74,"7962 Abigail Square Suite 597, North Jasmin, MA 27966"
561,908,446,6.45,18.3,"5249 Curtis Street Suite 541, Lake Danamouth, VA 52560"
562,665,338,16.04,11.73,"802 Garcia Tunnel Apt. 845, Lewisfurt, MN 27698"
563,883,194,7.07,16.0,"PSC 3669, Box 2582, APO AE 73388"
564,249,111,6.53,17.47,"729 Flynn Alley Apt. 469, Greeneview, NC 84760"
565,471,36,18.75,18.22,"8022 Graham Route Suite 950, Erinberg, CO 95487"
566,6,348,16.75,16.02,"USS Fitzgerald, FPO AP 69645"
567,572,307,5.18,13.16,"61694 Wilkins Trafficway, West Michellemouth, LA 04660"
568,301,11,18.2,10.15,"8136 Harvey Place Apt. 780, Scottmouth, LA 17472"
569,862,36,15.13,19.05,"7560 Brown Center Apt. 374, Moniquemouth, MI 51054"
570,977,181,5.42,12.47,"29755 Michael Forge, Ashleyborough, MD 43981"
571,936,201,12.65,14.12,"91783 Kiara Underpass Suite 418, Leeborough, AZ 13608"
572,25,64,19.77,18.36,"7479 Smith Motorway, West Robyn, KY 72279"
573,555,294,15.85,15.33,"2488 Kendra Point, East Kimberly, OR 64053"
574,826,227,13.93,10.01,"7023 Figueroa Valleys, East Markport, RI 40798"
575,381,338,12.4,18.61,"USCGC Evans, FPO AP 52224"
576,247,283,10.19,16.06,"4516 Montoya Underpass Suite 531, East Kathleenshire, TN 61464"
577,975,113,17.47,14.45,"20520 Martinez Springs Suite 855, Perezside, IN 27986"
578,804,486,9.14,14.5,"803 Olson Rue Apt. 663, East Eric, AR 11602"
579,545,51,9.79,15.07,"14219 Joann Estates, South Debra, UT 99270"
580,732,65,19.46,16.84,"61682 Julia Extensions, Lorettabury, DE 22259"
581,619,400,10.86,10.7,"4546 Samantha Curve, Marissaport, RI 86432"
582,730,339,19.98,14.03,"2802 Hernandez Mission, Brettmouth, WV 67750"
583,534,395,16.26,10.85,"2465 Adams Meadows, Lake Nicholasfurt, ME 71089"
584,648,366,12.29,13.38,"814 Garcia Trail, Harpertown, RI 17425"
585,183,120,16.44,12.88,"USNS Lopez, FPO AE 73396"
586,864,434,13.03,13.75,"865 Carrillo Shores, West Brendaside, IN 34022"
587,877,91,13.54,15.38,"3316 Christine Manors, South Maryside, AZ 92285"
588,220,179,11.49,12.33,"4686 Alexander Union Suite 093, Port Morganport, MI 51721"
589,909,145,14.61,10.97,"05726 Lawrence Vista, Evansshire, PA 16058"
590,898,499,11.46,13.36,"13184 Duncan Knoll Suite 700, North Stevenhaven, AR 63279"
591,300,316,5.73,19.69,"2576 Jamie Common, East Jeffrey, NM 79803"
592,656,231,7.07,16.56,"16387 Destiny Track Apt. 442, Melissaview, NM 25794"
593,932,424,19.12,10.26,"8865 Garrett Mountain Suite 177, Andreamouth, AK 70708"
594,882,41,6.37,12.44,"1981 Kevin Junctions Apt. 246, New Ronald, FL 89819"
595,714,478,19.9,10.75,"711 Andrew Camp, Jasonchester, CO 16826"
596,19,266,17.87,13.76,"889 Miller Forge Suite 690, Port Coleland, VA 44917"
597,437,448,18.7,10.63,"764 Hart Place, South Jennifer, AZ 78103"
598,223,442,6.3,14.32,"PSC 9929, Box 0168, APO AE 29331"
599,633,182,8.14,13.07,"1979 James Island, New Luiston, WA 90560"
600,492,240,18.86,10.46,"153 Avery Curve, New Vincent, VT 75909"
601,923,444,12.59,18.64,"2699 Natalie Parkway, Rodrigueztown, MT 86985"
602,244,90,6.63,11.33,"852 Alexander Falls, South Michael, CO 10591"
603,962,221,13.84,18.49,"00967 Mariah Gardens Apt. 918, Juliefurt, OH 24666"
604,915,421,5.78,15.82,"66200 Cody Spurs, South Paulburgh, NJ 76063"
605,195,174,6.25,16.04,"48336 Simmons Cove Apt. 547, Pachecoville, NY 88783"
606,572,121,6.76,13.47,"26237 Sanchez Ways, Adriennechester, WI 01184"
607,418,343,9.98,19.1,"705 Alan Cliff Apt. 841, Wilsonbury, MS 29801"
608,587,60,13.76,10.97,"1278 Lisa Way Suite 978, Matthewfort, LA 84804"
609,690,295,14.1,17.46,"4478 Hogan Well Suite 571, Jeffreybury, WA 61288"
610,86,287,8.54,15.13,"20199 Maxwell Trace Suite 502, Jefferytown, NC 20854"
611,386,248,5.42,12.93,"605 Mark Meadow Apt. 838, North Monica, WY 31021"
612,338,451,7.77,11.18,"684 Laura Spur Suite 517, Stanleyville, UT 27114"
613,362,111,16.5,12.19,"USNS Marshall, FPO AE 49812"
614,103,251,16.7,13.49,"28945 Jamie Station, South Alexanderfort, IA 63627"
615,195,444,5.45,10.39,"6320 Nicole Harbors Suite 772, Cortezchester, KS 02093"
616,83,426,11.03,19.52,"79870 Jarvis Club Apt. 247, West Dale, RI 98279"
617,418,435,18.29,10.06,"547 Mariah Walk, East Carlport, MT 11498"
618,653,433,10.33,19.58,"475 Stewart Corners, New Wesley, DE 65019"
619,756,34,11.13,15.98,"2814 Fisher Keys Suite 807, Brendanfort, CA 67265"
620,373,444,6.99,19.6,"92766 Michael Via Suite 190, Rickport, WI 85356"
621,33,438,13.04,10.57,"022 Joanne Walk Apt. 728, Port Curtisville, TX 16197"
622,855,15,6.52,11.17,"8823 Mclean Fork, Timothytown, VT 40352"
623,156,367,17.76,10.31,"Unit 8687 Box 7079, DPO AP 67721"
624,362,471,19.88,15.86,"663 Greer Ferry Apt. 248, Medinaview, NE 88917"
625,837,302,14.07,14.38,"34210 Bryan Stravenue, Ashleymouth, AZ 61883"
626,507,444,5.19,16.69,"1033 Hudson Lock, New Rebecca, NC 69572"
627,491,240,8.05,16.37,"USCGC Phillips, FPO AA 40300"
628,4,415,6.07,16.49,"4588 Malone Islands, Cynthiaport, WV 94296"
629,424,296,9.01,10.21,"1295 Johnson Keys Apt. 979, Stacyport, ID 55273"
630,651,369,12.93,15.31,"497 Smith Road, Markview, IL 76479"
631,736,44,7.83,17.21,"7483 Laura Estates, Andrewtown, MN 58649"
632,275,491,15.79,17.67,"48651 Donald Stream Apt. 391, South Jimmy, NE 00684"
633,786,72,17.19,13.83,"584 Mccoy Row, Lake Lisa, SD 93847"
634,187,104,19.3,15.54,"964 Palmer Parks, Hughesville, AK 43413"
635,795,490,18.65,18.38,"9467 Walters Drive Apt. 541, Susanland, IL 54624"
636,597,151,9.74,10.32,"71553 Martin Islands Suite 315, East Raymondchester, ND 30500"
637,67,57,18.59,15.69,"90609 Abbott Grove, West Michaelshire, VA 90486"
638,314,93,6.61,19.92,"08725 Davis Centers Suite 133, South Sarah, OK 27352"
639,273,140,16.96,17.22,"01886 Ortiz Spur Suite 143, New Arianatown, HI 28325"
640,379,451,7.99,12.6,"16579 Alejandra Forge Suite 123, Williamfort, ME 76363"
641,344,189,6.22,10.07,"537 Stephen Walks Apt. 739, Riverafurt, DE 86148"
642,801,252,18.58,10.37,"2258 Moran Cape, Cherylfort, MN 65999"
643,691,259,17.34,13.23,"USNS Richardson, FPO AP 09164"
644,380,306,11.43,18.45,"416 Michael Junctions, New Vickiberg, ID 70515"
645,242,132,5.1,18.86,"72974 Jennifer Garden, Martinezport, MT 82502"
646,913,202,12.05,19.65,"516 Williams Circles Apt. 621, Lake David, AL 50981"
647,194,389,16.95,19.47,"143 Eric Brook, Whitestad, ID 63378"
648,347,131,11.04,13.26,"5472 Jones Radial Apt. 834, Randallstad, MA 09603"
649,723,119,18.83,16.54,"6017 Kimberly Center Suite 523, Martinville, RI 10941"
650,855,356,7.22,16.66,"5426 Taylor Gardens Suite 163, New Rachelview, DE 28009"
651,267,369,7.5,18.66,"PSC 1794, Box 4394, APO AE 49479"
652,487,429,10.46,13.59,"7921 Alexa River, West Lindsay, AR 18192"
653,590,453,19.31,11.49,"PSC 8001, Box 0195, APO AP 71503"
654,386,153,19.24,17.36,"PSC 8684, Box 7049, APO AE 42310"
655,689,437,11.66,11.11,"39696 Courtney Islands Apt. 498, Josephview, CT 86392"
656,219,16,17.08,14.65,"35730 Massey Stravenue Apt. 697, Port Ginatown, MS 60152"
657,825,37,13.33,11.72,"8895 Yesenia Walk Apt. 857, Monicaland, WV 69699"
658,349,347,18.24,12.49,"9375 Sean Haven Apt. 852, Hebertchester, NV 58800"
659,279,234,17.8,13.21,"524 Laura Walks, East Crystal, NV 06103"
660,877,220,12.45,10.75,"735 Megan Ford Apt. 946, Feliciaside, DE 80866"
661,528,495,6.58,12.68,"0158 Taylor Manors, Estesborough, ME 82456"
662,810,477,19.11,13.86,"760 Pamela Meadow, Richardsonbury, LA 69894"
663,23,61,7.33,19.58,"7671 Brown Junction, Michaelbury, DC 66467"
664,625,450,5.65,12.72,"17986 James Estate, East Sharon, NH 09143"
665,132,188,6.01,18.67,"070 Miller Forges, Port Belinda, WY 77658"
666,739,240,18.55,12.74,"351 Lowe Corner Apt. 686, Lake Kennethfurt, IA 25892"
667,325,104,11.96,14.28,"488 Burke Dam, Myersborough, NC 89130"
668,498,500,18.45,18.55,"23406 Alyssa Village, New Victoriastad, NE 54329"
669,311,164,17.79,10.57,"Unit 4627 Box 8919, DPO AA 49570"
670,108,177,5.02,16.1,"00578 Sanders Mountains, Evansfort, SC 20739"
671,425,376,18.63,10.35,"242 Katie Village Suite 996, Port Mathew, VA 57570"
672,877,162,17.0,13.75,"0971 Garcia Canyon, Blanchardchester, CO 76436"
673,974,142,17.37,11.57,"9001 Melanie Way Suite 012, Edwardton, SC 86696"
674,919,496,15.17,18.31,"USS Duran, FPO AP 10166"
675,116,318,6.51,17.67,"8517 Taylor Fork Suite 543, East Paul, MA 09330"
676,634,196,8.39,13.9,"599 Cook Locks, West Tina, TN 80839"
677,657,262,19.31,18.8,"Unit 3690 Box 1581, DPO AE 51705"
678,398,427,18.03,15.44,"2596 Rhonda Mount, Beckershire, IA 25273"
679,21,223,17.31,16.5,"Unit 2508 Box 0902, DPO AE 73589"
680,913,167,13.61,14.06,"1277 Jones Ville Apt. 977, Morriston, MN 05885"
681,347,239,9.16,14.69,"6007 Valerie Estates Apt. 526, North Hectormouth, AR 40334"
682,682,115,15.19,16.76,"80701 Little Road, Griffinland, IL 58606"
683,493,228,9.03,19.49,"681 Rivera Summit, Port Meaganside, CT 49837"
684,555,164,12.94,11.18,"978 Ho Square Apt. 876, Port Brianbury, NJ 19060"
685,94,102,19.14,14.01,"615 Brown Springs Apt. 298, Port Lisaview, KY 30996"
686,539,182,17.05,14.35,"7815 Morrow Meadow, East Alexisville, NY 16507"
687,378,464,16.24,14.59,"516 Robert Manor Suite 228, Port Nicholasshire, OK 38324"
688,123,422,16.0,17.69,"0710 Ray Islands Suite 090, Mcclainborough, MT 02638"
689,786,367,14.73,17.09,"67595 Vanessa Spurs, Martinezmouth, MS 24526"
690,948,382,10.35,17.78,"305 Holmes Keys Apt. 175, Joshuaburgh, FL 80798"
691,254,180,8.78,13.78,"57212 Davis Causeway, Reynoldsland, IN 27875"
692,766,470,11.37,15.09,"9955 Blevins Track Suite 477, Lake Elizabethview, MO 15946"
693,641,242,19.35,14.31,"57629 Daniel Burgs, New Janiceport, AR 12739"
694,628,51,18.55,11.13,"964 Daniel Forks, Joshuaborough, IN 13673"
695,369,289,15.74,18.5,"88155 Tim Field Apt. 408, Priceville, MO 80815"
696,451,202,6.0,15.54,"70359 Reeves Harbor, Crystalport, KY 19981"
697,878,499,11.72,16.81,"5677 Murphy Oval Suite 918, North Paulhaven, SD 73580"
698,144,500,19.84,13.24,"24618 Eric Loaf Suite 091, West Carolyn, DE 55192"
699,632,21,10.74,18.52,"766 Ray Loop Suite 726, Lake Elizabethmouth, NV 12032"
700,657,474,15.67,13.05,"14996 Lynch Mission, East Alexandershire, ND 64324"
701,910,221,15.33,17.58,"77377 Sherry Well, Stewartshire, MS 98779"
702,327,51,8.06,11.3,"419 Julie Pike Suite 661, North Kristina, DE 40946"
703,714,289,9.78,12.31,"6566 Brittany Island, Toddland, SC 27155"
704,375,298,11.09,17.72,"72345 Carroll Squares, East Stevenborough, WY 67918"
705,797,243,18.26,11.57,"53200 Burke Plain, Sandraland, SD 28104"
706,172,336,12.88,17.71,"60826 Edwards Mission Apt. 284, Port Brandon, ME 76941"
707,275,476,10.36,18.64,"178 Hall Point, East Anthonyberg, NY 07131"
708,605,177,11.94,17.9,"361 Jackson Knoll Apt. 650, Lisamouth, AK 29739"
709,627,376,17.86,13.61,"Unit 0828 Box 7593, DPO AP 32993"
710,311,434,11.78,16.34,"8464 Lopez Freeway, Port Robertmouth, ID 36494"
711,696,190,13.61,15.42,"PSC 3656, Box 7283, APO AP 93411"
712,648,465,9.36,18.82,"7425 Lee Plain Suite 455, New Nathan, IL 52249"
713,328,58,13.25,17.64,"435 Powell Pines Suite 238, Rogerbury, AR 97123"
714,398,179,6.48,19.25,"36411 Linda Drives Apt. 602, North Kennethburgh, SD 09676"
715,936,448,13.01,14.88,"5009 Jones Lock Suite 060, North Debbieville, NJ 54534"
716,201,402,18.5,16.46,"8733 Rebecca Way Suite 103, Maddenborough, AK 21326"
717,107,349,9.34,12.45,"917 Bishop Parks, Jeanville, NM 13324"
718,942,343,9.28,18.65,"0326 Smith Extensions Suite 568, North Reneeville, GA 54038"
719,122,369,11.13,11.4,"60362 Caitlin Expressway, Snydertown, AK 55920"
720,12,293,12.3,13.1,"92628 Wilson Pine, West Travistown, WV 63875"
721,810,249,10.58,19.01,"82530 Garner Valley, Moyerport, NV 47427"
722,625,362,18.27,19.12,"1829 Morrow Skyway Apt. 516, Greenberg, MD 09167"
723,569,233,12.51,17.35,"83639 Logan Ranch Suite 324, Brandontown, CT 67452"
724,160,178,11.13,15.45,"59766 Brown Ranch, Burnettland, CO 72421"
725,4,69,11.79,18.29,"918 Smith Mills Apt. 253, North Davidville, NJ 14810"
726,902,326,16.71,15.22,"9181 Michael Creek Suite 712, Liuland, VT 61380"
727,614,149,6.18,13.26,"429 Heidi Views, New Bryan, MO 08681"
728,79,319,15.04,15.63,"912 Jacobs Lodge, New Amanda, AR 65044"
729,267,338,19.99,11.62,"31882 Bean Roads, South George, RI 75378"
730,521,338,5.81,14.32,"805 Smith Highway Suite 528, East Diane, SC 91849"
731,723,235,10.99,15.73,"Unit 3215 Box 7498, DPO AA 82084"
732,502,37,7.94,19.54,"633 Benton Street Apt. 008, Lake Kennethfurt, MO 03438"
733,632,226,11.88,18.59,"628 Garcia Fields Suite 308, East Juliemouth, WV 57146"
734,398,76,6.7,11.07,"30365 Erica Manor Apt. 051, Hessmouth, NV 91221"
735,909,458,12.01,13.95,"Unit 0609 Box 1829, DPO AE 41135"
736,975,458,11.57,12.61,"2912 Owens Pine, Reyesview, OR 74135"
737,601,498,8.59,19.86,"38272 Johnson Forks, New Corey, MI 09519"
738,443,488,10.75,12.19,"40677 Rivera Forge, South Wanda, NM 74443"
739,107,248,16.2,14.99,"756 Ross Ferry, Hernandezstad, NE 75630"
740,328,3,6.81,10.21,"1670 Meyer Road Apt. 488, East Ricky, FL 18531"
741,495,360,9.94,14.87,"734 Kimberly Skyway, New Samanthaville, CO 30644"
742,786,294,17.4,13.51,"0080 Kelly Station Apt. 601, North Lauren, MA 38024"
743,594,385,7.51,12.74,"0104 Douglas Crescent, Port Peggychester, RI 80139"
744,766,337,16.05,13.82,"03712 Russell Lodge Suite 628, North William, TN 96789"
745,688,401,14.7,14.44,"72514 Cassandra Rue Suite 542, East Patrick, HI 35381"
746,378,224,13.2,17.8,"64529 Ortega Mall, Susanville, AL 94740"
747,165,13,9.78,15.73,"3584 Gentry Grove, Carlchester, FL 40334"
748,87,205,15.1,17.3,"1960 Griffin Road Suite 008, Marshallside, MS 19662"
749,713,308,16.56,16.09,"4318 Elliott Mountains Apt. 394, Jodyfort, MS 61047"
750,123,252,6.1,15.33,"01092 Jade Roads, Fletcherland, GA 34317"
751,172,283,12.57,13.83,"21195 Reynolds Village, Allisonland, NM 90267"
752,601,22,5.18,18.35,"16764 Alexander Summit, Saraborough, AL 26217"
753,564,440,11.24,10.21,"7267 Mark Pine Suite 880, New Marcusstad, CA 92139"
754,887,468,14.14,17.05,"42544 Webb Isle Apt. 804, North Jasonside, NV 82609"
755,4,174,15.94,15.05,"2648 Brandon Coves Suite 105, Barbaraland, FL 08379"
756,267,304,6.53,17.89,"609 Martinez Station Apt. 773, Nathanfort, PA 49264"
757,692,27,8.37,13.98,"6071 Young Street, West David, MT 87177"
758,678,191,18.94,11.21,"67597 Patterson Parks Suite 784, Aliciatown, VT 94707"
759,376,255,19.58,12.65,"890 Matthew View Suite 240, West Donnatown, GA 54118"
760,400,347,18.56,16.13,"19442 Roberts Tunnel, Jonesview, VA 81356"
761,27,176,15.86,15.84,"362 Mark Motorway, Lake Adamview, CA 29551"
762,990,236,15.38,17.07,"97489 Lindsey Fort Suite 202, East Lacey, OH 53290"
763,376,303,18.95,11.53,"PSC 4155, Box 8567, APO AE 91025"
764,270,130,11.93,12.75,"251 Parker Stravenue Suite 157, New Shelley, OK 66858"
765,327,468,11.6,11.64,"590 Autumn Locks, Anthonyside, NY 44152"
766,651,181,19.19,13.61,"207 Robinson Rapid Suite 922, New Josephstad, NM 60697"
767,378,302,10.31,18.42,"2085 Robin Vista, Mcintoshport, NH 86226"
768,246,177,18.93,11.97,"2744 Aaron Mountains, Port Jonathan, FL 67990"
769,898,360,8.2,16.82,"8693 Reese Stream Suite 506, West Louisberg, MT 49960"
770,681,33,14.41,19.09,"1753 Rodriguez Ridge, Juanfurt, NH 70679"
771,132,318,7.7,11.38,"2318 Flores Trafficway Apt. 427, Port Debbie, AL 83011"
772,796,42,13.1,19.7,"28235 Torres Mission Apt. 682, East Tinaport, SD 66055"
773,308,107,19.83,15.35,"2366 Nicholas Spurs, Donnahaven, OK 32528"
774,590,288,12.0,17.78,"1345 April Trail Suite 314, Cordovaport, OK 93780"
775,390,437,17.0,16.18,"493 Peterson Forges Suite 568, New Stacyview, OK 60590"
776,160,257,16.4,10.15,"59950 Holt Knoll Apt. 320, Coopertown, NY 48871"
777,184,160,10.59,13.82,"7127 Elizabeth Locks Suite 239, West Cody, FL 30688"
778,871,361,11.86,18.25,"663 Jacob Cape, Matthewborough, MS 96504"
779,699,394,9.43,15.89,"570 Marcus Burg, Frankmouth, KY 71250"
780,38,11,13.77,19.54,"5536 Gray Mission, Torresview, MD 54159"
781,537,406,14.72,19.16,"70824 Alvarez Bridge, East Jasminburgh, TX 07831"
782,872,329,18.38,10.87,"310 Gordon Springs Suite 663, New Jose, RI 92880"
783,79,489,14.7,11.91,"1027 Jonathan Forges Suite 182, Myersstad, CA 39100"
784,345,150,9.44,18.4,"PSC 4537, Box 4277, APO AA 00853"
785,175,15,5.69,12.98,"81639 Steven Lodge Apt. 884, North Jeffrey, PA 28780"
786,605,431,7.09,19.84,"17490 Schneider Estate, Mariefurt, ID 24092"
787,713,153,11.87,13.79,"79289 Walker Burg, West Timothy, AK 45305"
788,219,195,6.41,18.26,"93144 Bates Motorway, South Deborahport, OH 85380"
789,723,53,8.17,19.85,"PSC 7725, Box 9086, APO AP 46988"
790,835,392,13.64,12.03,"4427 Jay Well Suite 495, Madisonside, ME 31304"
791,90,75,16.93,11.94,"233 William Track Apt. 280, Tracytown, NV 01615"
792,74,459,19.59,11.36,"5127 Nicholas Parkways, North Eduardo, VT 38852"
793,814,304,10.96,14.93,"6816 Galvan Terrace Suite 112, New Bruce, DE 08250"
794,74,283,13.95,10.54,"USS Leonard, FPO AE 64162"
795,485,23,12.44,14.88,"585 Mark Pines, Tranburgh, OH 47594"
796,345,409,14.09,19.47,"2445 Hernandez Street, Lake John, FL 73944"
797,833,202,12.56,15.8,"31925 Tony Circles Apt. 619, Cooperland, UT 72063"
798,506,357,13.62,10.22,"55918 Lee Flat Suite 550, Myersstad, VA 75601"
799,347,408,10.11,10.98,"680 Richards Coves Suite 301, East Thomasborough, FL 62169"
800,184,288,8.03,14.28,"2502 Rodriguez Estate, West Paulstad, VT 75307"
801,437,210,11.7,19.02,"28916 Emily Drive Apt. 485, Port Melissa, MN 27698"
802,349,159,9.91,17.49,"4693 Martin Park Suite 994, Kellyview, KY 65348"
803,189,394,13.22,12.6,"9905 John Flats, Lake Daniel, GA 35582"
804,111,30,13.56,11.79,"3581 Michael Island Apt. 542, South Joel, UT 43563"
805,861,72,15.85,15.21,"129 Christine Ville, Lake Curtis, UT 25850"
806,518,404,16.94,11.3,"4365 Green Forges, South Lindsayborough, AL 73163"
807,375,57,18.28,15.3,"7470 Hodges Motorway Apt. 183, Tatebury, MN 05506"
808,150,349,18.4,11.59,"7188 Harper Run, North Nicoleville, WY 43915"
809,112,231,11.61,10.15,"13660 Robert Manors, West Michael, NY 87224"
810,811,478,18.93,12.29,"51050 Beth Crescent Apt. 262, Anthonymouth, MN 52529"
811,95,218,12.4,15.38,"Unit 8748 Box 8824, DPO AA 73733"
812,119,458,11.2,17.68,"2060 Joseph Fall Apt. 071, East Roberto, IN 06625"
813,432,158,16.22,17.93,"USCGC Davis, FPO AA 46254"
814,489,339,8.13,13.62,"3791 Sarah Green Suite 222, South Monica, NJ 30358"
815,910,400,9.49,13.62,"79914 Michaela Causeway Apt. 990, Allenfort, PA 63023"
816,507,27,15.03,14.05,"23672 Paula Landing, West Brooke, VT 45681"
817,478,440,8.22,13.77,"307 Jillian Key Suite 309, Stephenborough, NV 37410"
818,690,302,18.43,11.4,"8083 Laura Ville Apt. 619, Port Tracey, TN 12828"
819,84,278,8.58,18.06,"4773 Williams Court Apt. 991, Armstrongmouth, HI 51210"
820,189,258,11.45,12.41,"86226 Michael Place Suite 596, New Kevinfort, AK 65158"
821,418,203,13.92,15.56,"25060 Mccormick Light, Traceytown, VT 30839"
822,528,169,9.44,18.87,"27986 White Inlet, New Denise, MS 52062"
823,706,301,16.33,14.64,"973 Scott Prairie, Lake Sarahfort, NM 39456"
824,552,467,19.66,15.21,"89853 Jordan Summit, Jamesview, ME 83023"
825,120,342,17.65,17.19,"2339 Montes Corner Apt. 482, South Christopher, ID 83206"
826,898,234,17.44,14.87,"USNV Valdez, FPO AE 28694"
827,86,398,14.19,16.89,"733 Shannon Stravenue, New Jacqueline, CT 38396"
828,913,256,6.55,19.12,"455 Christie Grove, Nicolehaven, WI 32464"
829,163,30,17.09,12.08,"94475 Jeffrey Island, Port Michelestad, WA 63915"
830,960,224,12.05,16.82,"29773 Ortiz Dale Suite 080, North Daniel, NC 04629"
831,640,289,16.67,15.55,"5241 Jesse Shoals Suite 852, Port Raymond, TN 32037"
832,632,112,17.09,14.19,"16947 Stephens Brooks, Griffinville, OR 98639"
833,72,220,15.96,10.13,"5578 Becker Views Apt. 845, South Kevinville, NJ 78547"
834,618,249,17.44,18.91,"546 Daisy Alley, Brittanyfurt, OK 44237"
835,478,176,17.61,16.7,"Unit 3828 Box 2172, DPO AE 34550"
836,653,112,8.93,17.26,"237 Fowler Trail Suite 279, East Heidiport, AK 99596"
837,82,101,9.6,14.65,"06358 Richardson Glens, East Jennafurt, NY 56214"
838,756,411,12.68,13.18,"821 Brandi Dale, Christopherville, DE 27628"
839,617,473,10.28,18.98,"315 Mary Union, Lake Morganchester, NH 16822"
840,424,10,15.67,14.4,"4928 Rogers Terrace, East Colleen, MO 62156"
841,442,388,14.62,12.15,"684 Adams Wall Apt. 338, South Nancymouth, ND 31947"
842,273,8,18.01,14.43,"074 Fritz Falls, West Andrewfort, KS 81549"
843,469,104,14.13,12.91,"004 Austin Forest Apt. 766, Henryberg, WV 74066"
844,625,426,12.85,13.84,"98444 James Drive Apt. 914, East Elizabeth, MI 80932"
845,677,115,15.7,17.1,"2805 Kristen Squares Suite 087, South Diamondshire, ME 46884"
846,120,50,17.54,10.67,"813 Melendez Squares, Leefort, LA 57771"
847,533,432,17.17,12.07,"23056 Walters Street, Port Bianca, MS 90569"
848,183,102,8.61,17.67,"PSC 5043, Box 4180, APO AA 57439"
849,42,446,10.75,13.33,"PSC 7759, Box 7035, APO AA 85643"
850,316,78,11.66,15.08,"PSC 9146, Box 9827, APO AA 73519"
851,192,472,16.47,13.99,"25184 Herring Groves Suite 673, South Mariahaven, DE 99116"
852,345,120,10.34,11.04,"PSC 8865, Box 7702, APO AE 36161"
853,367,191,6.91,10.64,"5631 John Prairie Suite 771, Maryport, MI 29247"
854,974,11,12.83,13.21,"7797 Jimmy Lakes Suite 946, New Bethanyfurt, MT 61649"
855,435,245,9.38,10.07,"587 Perez Lodge, Moorefort, IA 47171"
856,173,12,7.23,13.52,"64010 Taylor Row Apt. 330, Lake Johnchester, AR 24269"
857,812,496,6.09,12.74,"5775 Tracy Brook, Martinezbury, NE 71553"
858,730,38,14.55,12.04,"69572 Vanessa Estate, North Angelastad, RI 17062"
859,43,472,14.5,16.42,"038 Lynn Land, Schmidtside, FL 74517"
860,696,229,13.74,11.69,"089 Santiago Station Suite 162, Richardport, NM 17475"
861,113,212,12.79,10.33,"32711 Mcdonald Locks, Andrewmouth, TX 11628"
862,761,167,14.53,11.37,"8293 Steven Locks, East Cassandrastad, KS 82688"
863,785,68,9.63,12.08,"Unit 4713 Box 0193, DPO AE 83031"
864,448,154,8.54,12.71,"52555 Carter Bypass, Jonesmouth, NY 58598"
865,696,2,6.54,16.38,"5435 Spencer Flat, Meganberg, IA 24188"
866,443,239,11.51,13.32,"917 Michelle Plaza Suite 214, Port Kara, PA 86680"
867,706,169,10.33,10.06,"51821 Garrett View, South Sarah, GA 10454"
868,38,347,18.55,18.61,"1508 Benjamin Burgs Suite 945, Jerryberg, IL 18991"
869,371,175,15.73,18.48,"82135 Gardner Course Suite 597, Blakechester, KS 70718"
870,420,103,10.67,15.53,"PSC 6215, Box 3660, APO AE 47269"
871,796,317,10.23,14.87,"723 Carlos Walks, Johnsonchester, MT 95190"
872,297,219,12.89,19.06,"0693 Elliott Roads Apt. 333, Gonzalesstad, TX 76515"
873,404,405,12.64,12.58,"09318 Kenneth Ville Apt. 364, North Anne, WY 70637"
874,694,263,14.3,11.98,"94618 Vasquez Shore Apt. 300, South Jamesmouth, VA 61980"
875,456,358,18.35,12.81,"4141 Kimberly Trail Apt. 641, Port Karlshire, PA 28365"
876,963,98,5.03,11.84,"6349 Nicole Mill, Loganmouth, NE 91058"
877,9,334,14.14,17.24,"Unit 1797 Box 9715, DPO AA 26344"
878,618,470,9.8,12.07,"9202 Williams Cliff, Travisville, WV 94273"
879,235,229,11.06,16.67,"2872 Williams Mountains Suite 674, New Jeremyview, NJ 57638"
880,756,296,18.23,13.46,"813 Williams Avenue, Stephenberg, CA 21216"
881,887,366,17.91,19.59,"38684 Keith Ferry Apt. 109, Morrisonbury, MO 78479"
882,649,104,9.58,10.18,"32764 Aaron Shores Suite 418, South David, ME 36876"
883,308,162,19.7,18.94,"874 Ethan Circles Apt. 600, East Jessicaland, IL 93417"
884,19,54,8.27,12.57,"916 Mark Turnpike Suite 657, South Michaelmouth, HI 96753"
885,502,351,9.95,13.3,"1331 Carol Cliffs, Estradatown, NM 52675"
886,876,399,17.63,14.8,"70585 Martin Cliffs Suite 361, Wellshaven, NJ 12138"
887,242,246,10.41,18.68,"4814 Robert Cliff, South Jeffrey, NC 14820"
888,882,62,6.79,16.23,"99746 Johnson Springs, North Thomasport, PA 69105"
889,316,69,12.88,13.5,"2178 Megan Course Suite 043, Suttonstad, MS 16485"
890,287,33,8.58,14.17,"7797 Laurie Land Apt. 489, South George, OH 25204"
891,764,254,18.89,15.81,"77137 Kristina Extension, West Michael, DE 13961"
892,325,152,10.56,17.36,"83985 Bryant Mission Apt. 389, Lake Christopherside, GA 19477"
893,186,419,11.05,17.98,"094 James Light, Richardsonfurt, IN 84515"
894,207,81,6.19,18.23,"9024 Murphy Crossing Suite 320, North Matthew, OK 30486"
895,390,395,11.55,17.47,"32824 Barrera Shores Suite 191, North Joann, RI 41015"
896,873,117,10.17,10.07,"215 Hunt Lakes Suite 794, Gabrielstad, TX 55192"
897,472,22,6.4,17.86,"8279 Corey Parkways Suite 171, Jeremyside, ND 02600"
898,179,75,5.44,12.34,"35817 Mark Groves Suite 249, South Kyle, WA 79960"
899,883,208,7.21,14.28,"79633 Oliver Estate, Millerside, KY 77215"
900,693,162,14.28,18.35,"76357 Joseph Ramp, Lake Patrick, OH 60675"
901,311,98,11.49,17.51,"20875 Julie Streets Apt. 662, Melindahaven, IN 12302"
902,821,407,7.3,11.59,"1600 Troy Haven, North Ashleyberg, AR 97360"
903,387,73,11.41,19.94,"472 Martinez Forges Apt. 921, West Phillip, LA 20085"
904,72,414,11.08,10.28,"9450 Chavez Summit, Jasminefurt, WY 48179"
905,657,160,6.05,11.91,"95149 Hammond Roads Suite 005, Stanleyburgh, AK 39839"
906,360,153,17.14,18.47,"019 Joseph Meadow Apt. 797, North Sandra, FL 01205"
907,773,443,14.41,15.74,"88366 Johnson Well Apt. 892, Suzannechester, NV 25217"
908,213,301,15.59,12.66,"Unit 2795 Box 4010, DPO AE 35792"
909,494,17,16.01,14.75,"56172 Andrea Brook Suite 920, New Michelleport, AL 44222"
910,424,357,17.15,10.81,"50398 Barbara Hills Suite 807, Randyfurt, MD 22975"
911,488,465,13.83,10.2,"9884 Huffman Meadow Suite 534, Jamesbury, ND 65908"
912,57,300,19.62,10.82,"PSC 9822, Box 6692, APO AE 44899"
913,126,76,17.86,16.13,"030 Wilson Loaf, Lake Marvin, NJ 21856"
914,119,408,8.73,19.77,"531 Harris Skyway, Grayville, DE 78279"
915,485,234,18.72,13.29,"9738 Christopher Plains Suite 976, Smithtown, OR 92618"
916,706,342,17.71,17.52,"1573 Richard Isle Apt. 412, Wallacestad, KY 50958"
917,372,496,19.36,16.62,"90503 Kyle Walks Apt. 092, Smithfort, NE 59733"
918,814,265,5.57,14.42,"59216 Johnson Plaza, Jenniferland, MD 76762"
919,471,44,5.04,18.27,"Unit 8029 Box 9553, DPO AE 11358"
920,273,329,7.65,11.43,"40178 Jennifer Ridges Apt. 272, South Cassandrahaven, NM 44060"
921,379,60,18.14,15.49,"522 Kenneth Trafficway, West Vanessa, OK 73452"
922,744,269,13.69,19.12,"101 Baker Course Apt. 964, Christytown, OH 21197"
923,547,246,18.48,10.7,"398 Prince Forest, Anthonytown, LA 61399"
924,39,381,14.74,12.22,"364 Roberson Cape Suite 189, Lake Tonyaview, WA 35462"
925,990,331,5.02,13.35,"8955 Carl Passage, Bentonport, IN 04397"
926,375,68,16.78,11.71,"2307 Ball Key Apt. 899, Dustinborough, OR 09263"
927,930,119,19.38,10.27,"9709 Brooke Gardens Suite 117, Brownview, HI 83092"
928,157,225,5.07,15.22,"9923 Jenny Parkway Suite 991, West Michaelmouth, IA 82038"
929,891,7,13.43,17.14,"39423 Jessica Passage Apt. 229, North Brianstad, MA 74637"
930,531,365,14.93,17.69,"1140 Holly Ferry Suite 828, New Cynthia, HI 30968"
931,859,389,19.29,16.15,"511 Foley Shores Apt. 182, Allisonton, CT 68863"
932,868,54,16.63,13.23,"787 Ryan Flats Apt. 933, Mendozaport, LA 86104"
933,741,240,12.16,15.58,"63033 Sharon Junctions, South Kristin, RI 71021"
934,107,138,14.52,10.23,"9909 Holmes Extensions, Sonyaville, MN 57291"
935,617,203,12.62,10.14,"481 Jones Turnpike Suite 672, Port Rachel, WY 33027"
936,521,285,7.2,17.71,"41083 Todd Junctions Suite 585, West Natalie, CO 20065"
937,68,384,10.1,17.69,"0023 Wagner Loop, Stevenport, DC 87022"
938,430,197,11.77,15.41,"03276 Turner Curve, Knappbury, AK 29374"
939,31,150,12.56,15.75,"635 Patricia Bypass Suite 576, East Jeremyfort, CT 05951"
940,3,102,8.68,18.76,"7777 Rodriguez Freeway, Mccarthystad, AZ 89210"
941,126,337,14.24,12.45,"264 Caleb Hills Suite 428, Jaclynside, UT 74250"
942,595,303,18.18,17.22,"302 Kevin Via, Christensenport, AL 57004"
943,982,434,11.9,19.06,"35785 Taylor Skyway Apt. 279, Cainfurt, NM 23861"
944,874,360,19.36,19.4,"961 Briana Place Apt. 551, Karenmouth, AL 80273"
945,338,411,15.82,19.81,"5736 Mendoza Islands, Gonzalezville, MD 77561"
946,609,87,14.51,16.47,"8223 Jenkins Divide Suite 553, East Richard, NE 82899"
947,184,274,14.95,17.56,"81997 Carter Villages, Ramirezport, IL 16133"
948,529,52,19.7,11.55,"88926 Sweeney Lodge Apt. 792, East Bradley, AK 57741"
949,792,339,6.5,18.39,"551 Scott Course Suite 930, Tiffanymouth, KS 14953"
950,678,252,19.12,15.18,"3081 Clark Springs Apt. 778, Patrickville, DC 67509"
951,466,404,14.77,19.2,"9028 Joshua Harbors, North James, KS 65986"
952,349,40,5.92,19.41,"Unit 8574 Box 8256, DPO AE 84242"
953,207,351,19.46,18.81,"12464 Angel Junction, Whiteshire, MD 79525"
954,524,86,13.67,13.8,"91132 Kathleen Isle Suite 734, Bartontown, IL 13801"
955,605,406,7.81,17.02,"7973 Tamara Trail, South Jonathanport, AL 27610"
956,618,435,17.17,15.06,"25294 White Union, Port Rebecca, HI 41037"
957,323,52,10.61,15.42,"788 Palmer Locks Apt. 504, South Mariah, WA 21776"
958,600,363,12.8,18.12,"USS Johnson, FPO AA 51451"
959,519,300,6.47,10.5,"51959 Estrada Avenue, Jasonshire, VA 88947"
960,356,17,18.8,17.04,"130 Ramirez Springs Suite 143, Lake Joshua, AK 17176"
961,876,454,9.13,10.64,"PSC 2043, Box 0390, APO AP 63551"
962,860,435,10.31,11.54,"85070 Trujillo View Apt. 047, North Annette, NV 34869"
963,684,315,10.76,11.73,"6014 Deanna Isle Suite 520, Donaldtown, NV 34700"
964,430,167,8.09,17.07,"226 Little Fort, Parksview, DE 98683"
965,383,231,15.03,18.72,"64069 Michael Vista Suite 481, Thorntonbury, WI 83086"
966,930,100,15.81,18.03,"255 Raymond Station, Tiffanyshire, PA 43846"
967,250,370,12.43,14.84,"88760 Young Views Suite 887, Michaelbury, LA 49636"
968,93,232,7.71,18.25,"Unit 5945 Box 9778, DPO AE 37080"
969,424,291,16.59,12.96,"3959 Lori Crossroad Apt. 927, Lake Gregorystad, AZ 76697"
970,671,369,18.42,15.94,"8932 Gregory Manors, North Jamieview, WV 84839"
971,435,462,6.41,17.67,"1171 Thomas Run Suite 873, West Anthonybury, GA 18630"
972,441,428,10.49,15.01,"890 Ashley Fall, Bradymouth, NE 35644"
973,611,82,10.25,19.31,"4703 Peggy Forge Apt. 368, Port Cynthialand, VT 56616"
974,46,70,7.44,16.6,"2922 Brandon Common, Kellerburgh, AZ 83730"
975,678,230,8.63,10.58,"7074 Keith Walk, Lisaside, IA 97444"
976,84,303,17.68,19.74,"12541 David Light Suite 130, New Nicholasborough, CT 09075"
977,451,237,18.07,12.51,"46975 Jason Stravenue, East Jason, ME 95143"
978,637,471,12.67,12.19,"57578 Tanner Radial, South Rhondahaven, GA 59149"
979,325,210,5.79,14.44,"27284 Fischer Center, Kathleenborough, NM 22831"
980,19,131,14.45,16.44,"60488 Jennifer Causeway Suite 367, Taylorberg, NC 26652"
981,677,268,11.67,16.01,"7657 Alexander Wells Apt. 577, Clarencechester, IA 25614"
982,572,392,5.74,15.53,"7689 Pace Passage Apt. 975, New Tara, RI 56672"
983,996,294,18.41,19.95,"2189 Garcia Isle Suite 682, Smithmouth, NY 78173"
984,897,171,16.19,15.84,"0299 Michael Corners, East Heathershire, ID 16080"
985,730,51,5.44,18.5,"4050 Vincent Burg, Bellbury, GA 02255"
986,578,324,15.23,11.35,"75999 Brown Parks Apt. 550, Marthatown, ND 55249"
987,682,303,8.95,16.46,"9558 Patricia Manors, North Jessicamouth, DE 97646"
988,184,306,8.6,16.14,"7111 Obrien Mountains, Timothytown, NM 96002"
989,387,500,16.63,10.41,"71047 Green Turnpike, Garcialand, SC 82950"
990,932,268,5.79,18.87,"006 Ann Extension Suite 179, South Yolanda, FL 50943"
991,764,405,8.36,11.1,"180 Richard Keys Apt. 689, Robertfurt, MT 67913"
992,810,246,8.75,12.76,"Unit 1149 Box 6282, DPO AA 91268"
993,901,63,16.56,19.83,"97701 Bradley Valleys Suite 814, South Brendahaven, OR 60975"
994,117,210,12.88,14.31,"2067 Christopher Locks Suite 182, Haileyburgh, SC 77328"
995,372,416,7.71,18.21,"23989 Roberto Plains Suite 305, Lopezview, ND 56544"
996,531,258,18.54,11.37,"4926 Meghan Tunnel, Port Jamesberg, MO 94422"
997,118,298,15.37,14.98,"730 Knight Fords, Nicoleland, MD 68048"
998,773,318,11.66,19.41,"116 Madden Vista, Hoganhaven, MT 72350"
999,427,477,7.49,17.31,"651 Mcclure Spurs, East Hunter, NH 10747"
1000,747,221,6.58,17.37,"38505 Cortez Summit Suite 368, Lake Misty, SC 34128"
